product_id,part_id,quantity
FG-00001,PRT-000353,10
FG-00001,PRT-000940,1
FG-00001,PRT-000031,3
FG-00001,PRT-000377,20
FG-00001,PRT-000076,1
FG-00001,PRT-000910,5
FG-00001,PRT-000406,2
FG-00001,PRT-000947,10
FG-00001,PRT-000119,4
FG-00001,PRT-001040,10
FG-00001,PRT-001130,1
FG-00001,PRT-000521,4
FG-00001,PRT-000103,2
FG-00001,PRT-001123,1
FG-00001,PRT-001056,2
FG-00001,PRT-000833,5
FG-00001,PRT-000907,4
FG-00001,PRT-001092,4
FG-00001,PRT-000886,1
FG-00001,PRT-001103,3
FG-00001,PRT-000817,2
FG-00001,PRT-000527,12
FG-00001,PRT-000186,10
FG-00001,PRT-001196,2
FG-00001,PRT-000029,3
FG-00001,PRT-001045,2
FG-00001,PRT-000102,3
FG-00001,PRT-000264,1
FG-00001,PRT-000056,16
FG-00001,PRT-001165,2
FG-00002,PRT-001133,10
FG-00002,PRT-000017,2
FG-00002,PRT-000418,2
FG-00002,PRT-000370,3
FG-00002,PRT-000506,4
FG-00002,PRT-001157,8
FG-00002,PRT-000397,8
FG-00002,PRT-000653,2
FG-00002,PRT-000166,5
FG-00002,PRT-001114,2
FG-00002,PRT-001162,6
FG-00002,PRT-000279,1
FG-00002,PRT-001061,8
FG-00002,PRT-000769,5
FG-00003,PRT-000402,1
FG-00003,PRT-001147,6
FG-00003,PRT-000633,4
FG-00003,PRT-000482,1
FG-00003,PRT-000334,2
FG-00003,PRT-000357,2
FG-00003,PRT-000620,2
FG-00003,PRT-000188,4
FG-00003,PRT-000394,1
FG-00003,PRT-000778,1
FG-00003,PRT-000407,5
FG-00003,PRT-001141,1
FG-00003,PRT-000224,8
FG-00003,PRT-000989,2
FG-00003,PRT-000343,1
FG-00003,PRT-000149,6
FG-00003,PRT-000052,1
FG-00003,PRT-001067,20
FG-00003,PRT-000626,12
FG-00003,PRT-001165,10
FG-00003,PRT-000864,10
FG-00003,PRT-000259,1
FG-00003,PRT-000301,1
FG-00003,PRT-000511,2
FG-00003,PRT-000003,2
FG-00003,PRT-000735,2
FG-00003,PRT-000612,4
FG-00004,PRT-000822,2
FG-00004,PRT-000932,8
FG-00004,PRT-000712,12
FG-00004,PRT-000634,6
FG-00004,PRT-000937,12
FG-00004,PRT-000890,1
FG-00004,PRT-000471,1
FG-00004,PRT-001115,1
FG-00004,PRT-000116,1
FG-00004,PRT-000018,12
FG-00004,PRT-000853,1
FG-00004,PRT-000752,4
FG-00004,PRT-000746,2
FG-00005,PRT-000905,4
FG-00005,PRT-000107,4
FG-00005,PRT-000996,1
FG-00005,PRT-000865,16
FG-00005,PRT-000541,5
FG-00005,PRT-000953,4
FG-00005,PRT-000410,5
FG-00005,PRT-000663,8
FG-00005,PRT-001004,2
FG-00005,PRT-001115,1
FG-00005,PRT-000913,20
FG-00005,PRT-000281,1
FG-00005,PRT-000348,1
FG-00006,PRT-000374,2
FG-00006,PRT-000162,16
FG-00006,PRT-000028,1
FG-00006,PRT-001176,6
FG-00006,PRT-000387,1
FG-00006,PRT-000060,20
FG-00006,PRT-000999,1
FG-00006,PRT-000705,12
FG-00006,PRT-000393,2
FG-00006,PRT-000750,2
FG-00006,PRT-001028,1
FG-00006,PRT-000085,1
FG-00006,PRT-000197,2
FG-00006,PRT-000719,12
FG-00006,PRT-000529,16
FG-00006,PRT-000088,1
FG-00006,PRT-000075,3
FG-00006,PRT-000597,1
FG-00006,PRT-000240,1
FG-00006,PRT-001177,4
FG-00006,PRT-000176,3
FG-00006,PRT-000321,10
FG-00006,PRT-000326,10
FG-00006,PRT-001038,1
FG-00006,PRT-000221,4
FG-00006,PRT-000503,6
FG-00006,PRT-000002,6
FG-00006,PRT-000142,3
FG-00007,PRT-000459,3
FG-00007,PRT-001196,1
FG-00007,PRT-000887,2
FG-00007,PRT-000693,1
FG-00007,PRT-001119,2
FG-00007,PRT-000591,2
FG-00007,PRT-001179,2
FG-00007,PRT-000532,8
FG-00007,PRT-000926,10
FG-00007,PRT-000635,6
FG-00007,PRT-000511,6
FG-00007,PRT-001099,10
FG-00007,PRT-000066,12
FG-00008,PRT-000784,2
FG-00008,PRT-000338,20
FG-00008,PRT-000471,1
FG-00008,PRT-000249,2
FG-00008,PRT-000393,2
FG-00008,PRT-000808,1
FG-00008,PRT-000936,1
FG-00008,PRT-000009,2
FG-00008,PRT-000309,1
FG-00008,PRT-000085,1
FG-00008,PRT-000638,10
FG-00008,PRT-001149,2
FG-00008,PRT-000519,1
FG-00008,PRT-000228,4
FG-00008,PRT-000080,3
FG-00008,PRT-001053,5
FG-00008,PRT-001145,2
FG-00008,PRT-000258,1
FG-00008,PRT-001054,4
FG-00008,PRT-000906,2
FG-00008,PRT-000196,10
FG-00008,PRT-001121,2
FG-00008,PRT-000184,1
FG-00008,PRT-000208,1
FG-00008,PRT-000112,1
FG-00008,PRT-001127,1
FG-00009,PRT-000777,1
FG-00009,PRT-000535,16
FG-00009,PRT-001144,2
FG-00009,PRT-000432,1
FG-00009,PRT-000642,2
FG-00009,PRT-000465,2
FG-00009,PRT-000135,1
FG-00009,PRT-000063,8
FG-00009,PRT-001135,10
FG-00009,PRT-000793,1
FG-00009,PRT-000628,3
FG-00009,PRT-001125,10
FG-00009,PRT-000343,2
FG-00009,PRT-000258,3
FG-00009,PRT-000237,1
FG-00009,PRT-000473,3
FG-00009,PRT-000178,2
FG-00009,PRT-001061,8
FG-00009,PRT-000779,1
FG-00010,PRT-000415,1
FG-00010,PRT-000846,4
FG-00010,PRT-000336,2
FG-00010,PRT-000590,1
FG-00010,PRT-001113,3
FG-00010,PRT-000728,10
FG-00010,PRT-000894,1
FG-00010,PRT-000081,4
FG-00010,PRT-000848,1
FG-00010,PRT-001086,3
FG-00010,PRT-001007,2
FG-00010,PRT-000266,1
FG-00010,PRT-000416,1
FG-00010,PRT-000228,3
FG-00010,PRT-000286,2
FG-00010,PRT-000126,5
FG-00010,PRT-001055,1
FG-00010,PRT-000652,20
FG-00010,PRT-000815,1
FG-00010,PRT-001168,1
FG-00010,PRT-000354,4
FG-00010,PRT-000670,1
FG-00010,PRT-001165,1
FG-00010,PRT-000049,3
FG-00010,PRT-000436,6
FG-00010,PRT-000170,10
FG-00010,PRT-000735,2
FG-00011,PRT-000558,2
FG-00011,PRT-000899,1
FG-00011,PRT-000248,2
FG-00011,PRT-000214,5
FG-00011,PRT-000811,1
FG-00011,PRT-000353,1
FG-00011,PRT-000207,4
FG-00011,PRT-000795,10
FG-00011,PRT-000412,4
FG-00011,PRT-000810,12
FG-00011,PRT-000924,2
FG-00011,PRT-001077,2
FG-00011,PRT-000036,2
FG-00011,PRT-000781,2
FG-00011,PRT-000917,1
FG-00011,PRT-000305,6
FG-00011,PRT-001056,2
FG-00012,PRT-000566,4
FG-00012,PRT-000586,5
FG-00012,PRT-001189,4
FG-00012,PRT-000941,1
FG-00012,PRT-000415,2
FG-00012,PRT-000094,2
FG-00012,PRT-000571,1
FG-00012,PRT-000290,4
FG-00012,PRT-000386,6
FG-00012,PRT-000358,1
FG-00012,PRT-000511,3
FG-00012,PRT-000827,1
FG-00012,PRT-000329,6
FG-00013,PRT-000092,5
FG-00013,PRT-000577,5
FG-00013,PRT-000643,12
FG-00013,PRT-000682,12
FG-00013,PRT-000089,2
FG-00013,PRT-000717,4
FG-00013,PRT-000947,4
FG-00013,PRT-001112,1
FG-00013,PRT-000363,5
FG-00013,PRT-000488,1
FG-00013,PRT-001142,2
FG-00013,PRT-000511,4
FG-00013,PRT-000380,3
FG-00014,PRT-000772,4
FG-00014,PRT-000733,10
FG-00014,PRT-000712,8
FG-00014,PRT-000130,1
FG-00014,PRT-001176,1
FG-00014,PRT-000546,1
FG-00014,PRT-000345,5
FG-00014,PRT-000219,2
FG-00014,PRT-000253,16
FG-00014,PRT-000371,1
FG-00014,PRT-000916,16
FG-00014,PRT-000243,6
FG-00014,PRT-001103,6
FG-00014,PRT-001030,4
FG-00014,PRT-001095,10
FG-00014,PRT-000369,1
FG-00014,PRT-000927,10
FG-00014,PRT-000358,10
FG-00014,PRT-001174,4
FG-00015,PRT-000795,5
FG-00015,PRT-000610,6
FG-00015,PRT-000920,1
FG-00015,PRT-000300,4
FG-00015,PRT-000129,12
FG-00015,PRT-000625,8
FG-00015,PRT-000775,12
FG-00015,PRT-000648,1
FG-00015,PRT-000962,6
FG-00015,PRT-000287,1
FG-00015,PRT-000253,10
FG-00015,PRT-001129,6
FG-00016,PRT-000269,1
FG-00016,PRT-000903,1
FG-00016,PRT-000466,5
FG-00016,PRT-001126,12
FG-00016,PRT-000059,6
FG-00016,PRT-000682,1
FG-00016,PRT-000857,8
FG-00016,PRT-000988,8
FG-00016,PRT-000296,8
FG-00016,PRT-000670,5
FG-00016,PRT-000486,1
FG-00016,PRT-000464,3
FG-00016,PRT-000578,2
FG-00016,PRT-000701,1
FG-00016,PRT-000389,3
FG-00016,PRT-000516,1
FG-00017,PRT-000353,1
FG-00017,PRT-001133,10
FG-00017,PRT-000251,1
FG-00017,PRT-000973,5
FG-00017,PRT-000806,2
FG-00017,PRT-001143,3
FG-00017,PRT-000745,2
FG-00017,PRT-000714,1
FG-00017,PRT-000523,1
FG-00017,PRT-000948,20
FG-00017,PRT-001039,2
FG-00017,PRT-000484,16
FG-00017,PRT-000228,3
FG-00018,PRT-000205,1
FG-00018,PRT-000107,2
FG-00018,PRT-001180,6
FG-00018,PRT-001060,1
FG-00018,PRT-000788,1
FG-00018,PRT-000562,1
FG-00018,PRT-000702,6
FG-00018,PRT-000544,1
FG-00018,PRT-000555,3
FG-00018,PRT-000825,10
FG-00018,PRT-001059,2
FG-00018,PRT-000088,1
FG-00018,PRT-000249,1
FG-00018,PRT-001101,12
FG-00018,PRT-000597,1
FG-00018,PRT-000499,10
FG-00019,PRT-000214,4
FG-00019,PRT-000673,2
FG-00019,PRT-000751,4
FG-00019,PRT-001052,20
FG-00019,PRT-000402,4
FG-00019,PRT-001026,8
FG-00019,PRT-000334,2
FG-00019,PRT-000646,1
FG-00019,PRT-000694,1
FG-00019,PRT-000077,1
FG-00019,PRT-000607,1
FG-00019,PRT-000161,1
FG-00019,PRT-000776,2
FG-00019,PRT-000963,4
FG-00019,PRT-000927,5
FG-00020,PRT-000061,10
FG-00020,PRT-000071,8
FG-00020,PRT-000568,12
FG-00020,PRT-000108,3
FG-00020,PRT-000567,3
FG-00020,PRT-000897,3
FG-00020,PRT-000592,12
FG-00020,PRT-001009,2
FG-00020,PRT-000810,1
FG-00020,PRT-000986,2
FG-00020,PRT-000323,4
FG-00020,PRT-001199,8
FG-00020,PRT-000798,12
FG-00020,PRT-000084,5
FG-00020,PRT-000559,8
FG-00020,PRT-000815,8
FG-00020,PRT-000665,6
FG-00020,PRT-000454,4
FG-00020,PRT-000858,12
FG-00020,PRT-000511,10
FG-00020,PRT-000221,1
FG-00020,PRT-000909,1
FG-00021,PRT-000107,10
FG-00021,PRT-001168,5
FG-00021,PRT-000392,6
FG-00021,PRT-000100,1
FG-00021,PRT-000377,16
FG-00021,PRT-000309,3
FG-00021,PRT-001083,3
FG-00021,PRT-000856,4
FG-00021,PRT-000814,1
FG-00021,PRT-000183,3
FG-00021,PRT-000730,1
FG-00021,PRT-000127,12
FG-00021,PRT-001113,3
FG-00021,PRT-000796,1
FG-00021,PRT-000516,16
FG-00021,PRT-000622,4
FG-00022,PRT-000773,12
FG-00022,PRT-000223,2
FG-00022,PRT-001020,2
FG-00022,PRT-000037,3
FG-00022,PRT-000550,1
FG-00022,PRT-000487,2
FG-00022,PRT-000642,1
FG-00022,PRT-000949,2
FG-00022,PRT-000349,10
FG-00022,PRT-000750,12
FG-00022,PRT-000834,16
FG-00022,PRT-000631,5
FG-00022,PRT-000628,5
FG-00022,PRT-000898,2
FG-00022,PRT-000900,10
FG-00022,PRT-000185,1
FG-00022,PRT-000951,1
FG-00022,PRT-000069,1
FG-00022,PRT-001120,2
FG-00022,PRT-000220,1
FG-00023,PRT-000593,2
FG-00023,PRT-000241,4
FG-00023,PRT-000704,2
FG-00023,PRT-001006,2
FG-00023,PRT-000461,1
FG-00023,PRT-000931,4
FG-00023,PRT-000848,1
FG-00023,PRT-001149,8
FG-00023,PRT-000185,3
FG-00023,PRT-001053,2
FG-00023,PRT-000835,4
FG-00023,PRT-000963,10
FG-00023,PRT-000083,1
FG-00023,PRT-000837,2
FG-00023,PRT-000828,16
FG-00023,PRT-001114,10
FG-00023,PRT-000687,2
FG-00023,PRT-000606,2
FG-00023,PRT-000919,8
FG-00023,PRT-000160,1
FG-00024,PRT-001131,1
FG-00024,PRT-001002,1
FG-00024,PRT-000067,8
FG-00024,PRT-000690,16
FG-00024,PRT-000978,20
FG-00024,PRT-001086,3
FG-00024,PRT-000689,3
FG-00024,PRT-000182,1
FG-00024,PRT-000807,1
FG-00024,PRT-000159,6
FG-00024,PRT-001167,3
FG-00024,PRT-000133,3
FG-00024,PRT-001055,6
FG-00024,PRT-000874,8
FG-00024,PRT-000089,5
FG-00024,PRT-000598,1
FG-00024,PRT-001180,3
FG-00024,PRT-001153,8
FG-00024,PRT-001106,8
FG-00024,PRT-000920,12
FG-00025,PRT-000255,12
FG-00025,PRT-000037,6
FG-00025,PRT-000169,2
FG-00025,PRT-000642,12
FG-00025,PRT-001193,5
FG-00025,PRT-000605,2
FG-00025,PRT-000371,1
FG-00025,PRT-000619,4
FG-00025,PRT-001018,3
FG-00025,PRT-000684,4
FG-00025,PRT-000624,1
FG-00025,PRT-000825,6
FG-00025,PRT-000466,10
FG-00025,PRT-001180,2
FG-00025,PRT-001090,2
FG-00025,PRT-001057,16
FG-00025,PRT-001052,16
FG-00025,PRT-000686,1
FG-00025,PRT-000668,3
FG-00025,PRT-000687,2
FG-00025,PRT-000454,2
FG-00025,PRT-000635,3
FG-00026,PRT-000472,1
FG-00026,PRT-001114,2
FG-00026,PRT-000992,2
FG-00026,PRT-001037,1
FG-00026,PRT-000302,5
FG-00026,PRT-000777,2
FG-00026,PRT-000797,1
FG-00026,PRT-000680,1
FG-00026,PRT-000332,4
FG-00026,PRT-000140,5
FG-00026,PRT-000008,1
FG-00026,PRT-000503,3
FG-00026,PRT-000253,4
FG-00026,PRT-000394,4
FG-00026,PRT-000456,4
FG-00027,PRT-000247,5
FG-00027,PRT-000417,12
FG-00027,PRT-000541,1
FG-00027,PRT-000680,2
FG-00027,PRT-000804,10
FG-00027,PRT-000163,3
FG-00027,PRT-000979,10
FG-00027,PRT-000768,8
FG-00027,PRT-000633,20
FG-00027,PRT-000916,4
FG-00027,PRT-000692,1
FG-00027,PRT-000085,10
FG-00027,PRT-000310,1
FG-00027,PRT-000780,1
FG-00027,PRT-000672,2
FG-00027,PRT-000998,1
FG-00027,PRT-000439,1
FG-00027,PRT-000034,4
FG-00027,PRT-000923,12
FG-00027,PRT-001161,1
FG-00027,PRT-000074,2
FG-00027,PRT-000469,4
FG-00027,PRT-000348,2
FG-00027,PRT-000094,3
FG-00027,PRT-001111,12
FG-00027,PRT-000054,1
FG-00027,PRT-001168,3
FG-00027,PRT-000718,1
FG-00027,PRT-000763,6
FG-00027,PRT-001181,1
FG-00028,PRT-001076,2
FG-00028,PRT-001178,1
FG-00028,PRT-000271,1
FG-00028,PRT-001097,6
FG-00028,PRT-000941,6
FG-00028,PRT-000146,5
FG-00028,PRT-000740,3
FG-00028,PRT-000666,12
FG-00028,PRT-000672,1
FG-00028,PRT-000651,4
FG-00028,PRT-000955,2
FG-00028,PRT-000343,12
FG-00028,PRT-000083,2
FG-00028,PRT-001057,1
FG-00028,PRT-000610,6
FG-00028,PRT-000573,8
FG-00028,PRT-000281,5
FG-00028,PRT-000454,6
FG-00028,PRT-000495,1
FG-00028,PRT-000746,4
FG-00029,PRT-000805,3
FG-00029,PRT-001086,16
FG-00029,PRT-001055,2
FG-00029,PRT-000495,3
FG-00029,PRT-001164,1
FG-00029,PRT-000990,2
FG-00029,PRT-000802,1
FG-00029,PRT-001171,10
FG-00029,PRT-001084,2
FG-00029,PRT-001018,12
FG-00029,PRT-000461,1
FG-00029,PRT-000484,4
FG-00029,PRT-001081,4
FG-00030,PRT-000945,1
FG-00030,PRT-000243,3
FG-00030,PRT-000494,8
FG-00030,PRT-001027,4
FG-00030,PRT-001110,2
FG-00030,PRT-000101,12
FG-00030,PRT-000895,2
FG-00030,PRT-001091,2
FG-00030,PRT-000099,3
FG-00030,PRT-000845,2
FG-00030,PRT-000716,2
FG-00030,PRT-000769,3
FG-00030,PRT-000449,1
FG-00030,PRT-000263,4
FG-00030,PRT-000789,4
FG-00031,PRT-000300,1
FG-00031,PRT-000991,4
FG-00031,PRT-000299,1
FG-00031,PRT-000280,12
FG-00031,PRT-000589,1
FG-00031,PRT-000585,16
FG-00031,PRT-000061,12
FG-00031,PRT-000855,3
FG-00031,PRT-000360,3
FG-00031,PRT-000245,2
FG-00031,PRT-000711,5
FG-00031,PRT-000823,1
FG-00032,PRT-000651,12
FG-00032,PRT-001005,1
FG-00032,PRT-000252,6
FG-00032,PRT-000280,4
FG-00032,PRT-000104,12
FG-00032,PRT-000175,2
FG-00032,PRT-000426,4
FG-00032,PRT-000913,4
FG-00032,PRT-000878,1
FG-00032,PRT-001056,4
FG-00032,PRT-000529,5
FG-00032,PRT-000082,6
FG-00032,PRT-000758,8
FG-00032,PRT-000446,1
FG-00033,PRT-000665,6
FG-00033,PRT-000938,5
FG-00033,PRT-000778,1
FG-00033,PRT-000921,1
FG-00033,PRT-000437,1
FG-00033,PRT-000798,1
FG-00033,PRT-000413,6
FG-00033,PRT-000033,1
FG-00033,PRT-000266,1
FG-00033,PRT-000706,2
FG-00033,PRT-000343,1
FG-00033,PRT-000909,2
FG-00033,PRT-000430,1
FG-00034,PRT-000211,5
FG-00034,PRT-000876,16
FG-00034,PRT-000241,2
FG-00034,PRT-000031,2
FG-00034,PRT-000373,1
FG-00034,PRT-000035,8
FG-00034,PRT-000897,3
FG-00034,PRT-000636,1
FG-00034,PRT-000754,3
FG-00034,PRT-000805,3
FG-00034,PRT-001087,8
FG-00034,PRT-001036,1
FG-00034,PRT-000932,3
FG-00034,PRT-000927,2
FG-00034,PRT-000232,1
FG-00034,PRT-000443,1
FG-00034,PRT-000040,1
FG-00034,PRT-001077,2
FG-00034,PRT-000012,3
FG-00034,PRT-000501,5
FG-00034,PRT-000990,12
FG-00035,PRT-001136,8
FG-00035,PRT-000821,2
FG-00035,PRT-000681,4
FG-00035,PRT-000510,2
FG-00035,PRT-000236,12
FG-00035,PRT-000825,1
FG-00035,PRT-000806,10
FG-00035,PRT-000039,1
FG-00035,PRT-001147,8
FG-00035,PRT-000428,1
FG-00035,PRT-000489,5
FG-00035,PRT-000463,1
FG-00035,PRT-000127,6
FG-00035,PRT-000519,1
FG-00035,PRT-000420,1
FG-00035,PRT-000934,10
FG-00036,PRT-000689,1
FG-00036,PRT-000453,4
FG-00036,PRT-000179,16
FG-00036,PRT-001000,6
FG-00036,PRT-000431,6
FG-00036,PRT-000915,2
FG-00036,PRT-000884,3
FG-00036,PRT-000794,10
FG-00036,PRT-000951,1
FG-00036,PRT-000695,3
FG-00036,PRT-000633,5
FG-00036,PRT-000667,2
FG-00036,PRT-001009,3
FG-00037,PRT-000629,3
FG-00037,PRT-000130,1
FG-00037,PRT-000384,5
FG-00037,PRT-000226,3
FG-00037,PRT-000218,6
FG-00037,PRT-000749,4
FG-00037,PRT-000085,10
FG-00037,PRT-000814,1
FG-00037,PRT-000881,4
FG-00037,PRT-000809,4
FG-00037,PRT-000942,6
FG-00037,PRT-000989,1
FG-00037,PRT-000579,4
FG-00037,PRT-000282,1
FG-00037,PRT-000348,6
FG-00037,PRT-000421,1
FG-00037,PRT-000054,1
FG-00037,PRT-000718,12
FG-00037,PRT-000864,5
FG-00037,PRT-000322,1
FG-00037,PRT-000456,2
FG-00038,PRT-000353,3
FG-00038,PRT-000553,2
FG-00038,PRT-000467,1
FG-00038,PRT-000158,1
FG-00038,PRT-000180,3
FG-00038,PRT-001032,1
FG-00038,PRT-000888,1
FG-00038,PRT-001107,1
FG-00038,PRT-000024,6
FG-00038,PRT-000287,4
FG-00038,PRT-000303,3
FG-00038,PRT-000897,1
FG-00038,PRT-001097,3
FG-00038,PRT-001138,1
FG-00038,PRT-000349,2
FG-00038,PRT-000055,3
FG-00038,PRT-000661,1
FG-00038,PRT-001078,4
FG-00038,PRT-000265,2
FG-00038,PRT-000526,1
FG-00038,PRT-000822,1
FG-00038,PRT-000390,3
FG-00038,PRT-000069,10
FG-00038,PRT-000110,1
FG-00038,PRT-000506,3
FG-00038,PRT-000673,2
FG-00038,PRT-000235,2
FG-00038,PRT-000012,12
FG-00038,PRT-000858,4
FG-00038,PRT-000082,2
FG-00038,PRT-000755,2
FG-00039,PRT-001037,1
FG-00039,PRT-000331,8
FG-00039,PRT-000129,3
FG-00039,PRT-000226,1
FG-00039,PRT-000399,4
FG-00039,PRT-000526,10
FG-00039,PRT-000245,12
FG-00039,PRT-000140,12
FG-00039,PRT-001164,10
FG-00039,PRT-001154,1
FG-00039,PRT-001166,3
FG-00039,PRT-001132,5
FG-00039,PRT-001073,4
FG-00040,PRT-000762,2
FG-00040,PRT-001158,10
FG-00040,PRT-000245,1
FG-00040,PRT-000056,3
FG-00040,PRT-000999,2
FG-00040,PRT-000579,3
FG-00040,PRT-001144,1
FG-00040,PRT-000114,2
FG-00040,PRT-001063,3
FG-00040,PRT-000449,3
FG-00040,PRT-001150,1
FG-00040,PRT-000436,4
FG-00040,PRT-000076,1
FG-00040,PRT-000934,16
FG-00041,PRT-000149,3
FG-00041,PRT-001173,1
FG-00041,PRT-001047,2
FG-00041,PRT-000366,3
FG-00041,PRT-001097,3
FG-00041,PRT-000692,3
FG-00041,PRT-000107,1
FG-00041,PRT-000341,20
FG-00041,PRT-000619,2
FG-00041,PRT-000699,5
FG-00041,PRT-000827,12
FG-00041,PRT-000296,16
FG-00041,PRT-000809,1
FG-00041,PRT-000100,10
FG-00042,PRT-000497,2
FG-00042,PRT-000298,4
FG-00042,PRT-001110,3
FG-00042,PRT-000957,6
FG-00042,PRT-000504,4
FG-00042,PRT-000379,20
FG-00042,PRT-001139,4
FG-00042,PRT-001048,2
FG-00042,PRT-000921,2
FG-00042,PRT-000690,8
FG-00042,PRT-000009,2
FG-00042,PRT-000484,12
FG-00042,PRT-000778,2
FG-00042,PRT-000315,12
FG-00042,PRT-000520,1
FG-00042,PRT-000835,6
FG-00042,PRT-000083,2
FG-00042,PRT-000052,1
FG-00042,PRT-000150,4
FG-00042,PRT-000125,1
FG-00042,PRT-001045,1
FG-00042,PRT-001067,8
FG-00042,PRT-000626,3
FG-00042,PRT-000039,2
FG-00042,PRT-000184,1
FG-00042,PRT-000701,1
FG-00043,PRT-000288,1
FG-00043,PRT-001072,1
FG-00043,PRT-000033,5
FG-00043,PRT-001071,4
FG-00043,PRT-000600,1
FG-00043,PRT-000568,8
FG-00043,PRT-000657,8
FG-00043,PRT-000611,12
FG-00043,PRT-001026,1
FG-00043,PRT-000154,5
FG-00043,PRT-000098,3
FG-00044,PRT-000108,12
FG-00044,PRT-000747,12
FG-00044,PRT-000423,2
FG-00044,PRT-000195,4
FG-00044,PRT-001072,6
FG-00044,PRT-000896,20
FG-00044,PRT-000492,5
FG-00044,PRT-000672,2
FG-00044,PRT-000429,1
FG-00044,PRT-000755,4
FG-00045,PRT-000315,1
FG-00045,PRT-000831,1
FG-00045,PRT-001191,1
FG-00045,PRT-000330,10
FG-00045,PRT-000476,3
FG-00045,PRT-000328,5
FG-00045,PRT-001028,3
FG-00045,PRT-000724,16
FG-00045,PRT-000441,6
FG-00045,PRT-000229,3
FG-00045,PRT-000924,1
FG-00045,PRT-000301,2
FG-00045,PRT-001149,2
FG-00045,PRT-000167,2
FG-00045,PRT-000258,5
FG-00045,PRT-000781,8
FG-00045,PRT-000344,8
FG-00045,PRT-001123,1
FG-00046,PRT-000800,3
FG-00046,PRT-000432,2
FG-00046,PRT-000540,5
FG-00046,PRT-000403,4
FG-00046,PRT-000714,2
FG-00046,PRT-000035,4
FG-00046,PRT-000485,3
FG-00046,PRT-001199,1
FG-00046,PRT-001104,5
FG-00046,PRT-000934,3
FG-00046,PRT-000582,12
FG-00046,PRT-001186,10
FG-00046,PRT-000886,1
FG-00046,PRT-000879,1
FG-00046,PRT-001047,5
FG-00046,PRT-000040,1
FG-00046,PRT-001077,8
FG-00046,PRT-000501,4
FG-00046,PRT-000221,16
FG-00047,PRT-000821,3
FG-00047,PRT-001134,2
FG-00047,PRT-000733,2
FG-00047,PRT-000336,8
FG-00047,PRT-000442,1
FG-00047,PRT-000531,2
FG-00047,PRT-001002,6
FG-00047,PRT-001048,8
FG-00047,PRT-000023,5
FG-00047,PRT-000334,3
FG-00047,PRT-000684,1
FG-00047,PRT-000164,2
FG-00047,PRT-001189,5
FG-00047,PRT-000817,6
FG-00047,PRT-000542,4
FG-00047,PRT-000794,10
FG-00047,PRT-000347,3
FG-00047,PRT-001106,8
FG-00047,PRT-000678,10
FG-00047,PRT-000799,1
FG-00048,PRT-000537,1
FG-00048,PRT-001084,1
FG-00048,PRT-001000,4
FG-00048,PRT-000591,3
FG-00048,PRT-000109,6
FG-00048,PRT-000189,2
FG-00048,PRT-000375,1
FG-00048,PRT-000105,2
FG-00048,PRT-000393,8
FG-00048,PRT-000006,2
FG-00048,PRT-000262,2
FG-00048,PRT-001178,6
FG-00049,PRT-000762,3
FG-00049,PRT-000474,1
FG-00049,PRT-000374,4
FG-00049,PRT-001088,3
FG-00049,PRT-000931,20
FG-00049,PRT-001152,16
FG-00049,PRT-000106,10
FG-00049,PRT-000166,3
FG-00049,PRT-001085,8
FG-00049,PRT-000178,5
FG-00049,PRT-001121,1
FG-00049,PRT-000802,5
FG-00049,PRT-000705,2
FG-00049,PRT-000437,2
FG-00049,PRT-001139,1
FG-00049,PRT-000050,1
FG-00050,PRT-000415,3
FG-00050,PRT-001088,4
FG-00050,PRT-001176,8
FG-00050,PRT-000999,2
FG-00050,PRT-000393,4
FG-00050,PRT-000590,1
FG-00050,PRT-001002,6
FG-00050,PRT-000404,8
FG-00050,PRT-000986,5
FG-00050,PRT-000272,5
FG-00050,PRT-000521,3
FG-00050,PRT-000494,2
FG-00050,PRT-000632,6
FG-00050,PRT-000752,1
FG-00050,PRT-000200,4
FG-00050,PRT-000481,1
FG-00050,PRT-000822,5
FG-00050,PRT-000932,3
FG-00050,PRT-000245,4
FG-00050,PRT-000318,1
FG-00050,PRT-000663,2
FG-00050,PRT-000868,4
FG-00050,PRT-000052,2
FG-00050,PRT-001114,5
FG-00050,PRT-000178,1
FG-00050,PRT-000259,2
FG-00050,PRT-000981,1
FG-00050,PRT-000606,5
FG-00050,PRT-000456,2
FG-00051,PRT-000961,2
FG-00051,PRT-000772,1
FG-00051,PRT-000513,8
FG-00051,PRT-000504,1
FG-00051,PRT-000627,1
FG-00051,PRT-000253,1
FG-00051,PRT-001086,2
FG-00051,PRT-000174,4
FG-00051,PRT-000631,1
FG-00051,PRT-000898,1
FG-00051,PRT-000254,1
FG-00051,PRT-000840,2
FG-00051,PRT-000677,20
FG-00051,PRT-000651,6
FG-00051,PRT-000084,8
FG-00051,PRT-000227,12
FG-00051,PRT-000382,1
FG-00051,PRT-000198,4
FG-00051,PRT-000825,2
FG-00051,PRT-000886,2
FG-00051,PRT-000420,6
FG-00051,PRT-000056,3
FG-00051,PRT-000747,4
FG-00051,PRT-000864,1
FG-00051,PRT-000451,12
FG-00051,PRT-000124,4
FG-00052,PRT-001188,1
FG-00052,PRT-000948,1
FG-00052,PRT-000232,12
FG-00052,PRT-000813,4
FG-00052,PRT-000185,1
FG-00052,PRT-000613,4
FG-00052,PRT-000753,1
FG-00052,PRT-001085,8
FG-00052,PRT-000856,2
FG-00052,PRT-000912,1
FG-00052,PRT-000110,4
FG-00052,PRT-000465,20
FG-00052,PRT-000884,5
FG-00052,PRT-000352,16
FG-00052,PRT-000160,1
FG-00053,PRT-000234,2
FG-00053,PRT-001027,6
FG-00053,PRT-000567,1
FG-00053,PRT-000946,1
FG-00053,PRT-001048,1
FG-00053,PRT-000690,6
FG-00053,PRT-000849,10
FG-00053,PRT-000396,1
FG-00053,PRT-001149,16
FG-00053,PRT-000360,3
FG-00053,PRT-001073,5
FG-00053,PRT-000439,4
FG-00053,PRT-000106,2
FG-00053,PRT-000361,8
FG-00053,PRT-001187,10
FG-00053,PRT-000577,3
FG-00053,PRT-001152,2
FG-00053,PRT-000284,12
FG-00053,PRT-000358,5
FG-00053,PRT-001077,2
FG-00053,PRT-000920,1
FG-00053,PRT-001165,2
FG-00053,PRT-000314,2
FG-00053,PRT-000763,8
FG-00054,PRT-000831,1
FG-00054,PRT-000773,4
FG-00054,PRT-001064,1
FG-00054,PRT-000705,1
FG-00054,PRT-000205,6
FG-00054,PRT-000474,4
FG-00054,PRT-000988,3
FG-00054,PRT-001028,2
FG-00054,PRT-001179,4
FG-00054,PRT-000841,16
FG-00054,PRT-000684,2
FG-00054,PRT-000181,1
FG-00054,PRT-000624,1
FG-00054,PRT-000200,6
FG-00054,PRT-001035,2
FG-00054,PRT-000106,6
FG-00054,PRT-000091,1
FG-00054,PRT-000080,4
FG-00054,PRT-000245,2
FG-00054,PRT-000868,3
FG-00054,PRT-000052,2
FG-00054,PRT-000563,4
FG-00054,PRT-000626,5
FG-00054,PRT-000904,5
FG-00054,PRT-000678,2
FG-00054,PRT-001127,1
FG-00055,PRT-000937,5
FG-00055,PRT-001183,3
FG-00055,PRT-000782,1
FG-00055,PRT-000680,10
FG-00055,PRT-000830,1
FG-00055,PRT-000510,1
FG-00055,PRT-000093,1
FG-00055,PRT-000977,2
FG-00055,PRT-000250,2
FG-00055,PRT-000630,1
FG-00055,PRT-000146,1
FG-00055,PRT-001104,2
FG-00055,PRT-000805,1
FG-00055,PRT-001075,3
FG-00055,PRT-000473,1
FG-00055,PRT-000477,1
FG-00055,PRT-001172,1
FG-00055,PRT-000755,8
FG-00055,PRT-000928,8
FG-00056,PRT-000304,1
FG-00056,PRT-000734,10
FG-00056,PRT-000937,1
FG-00056,PRT-000175,2
FG-00056,PRT-000045,4
FG-00056,PRT-000972,2
FG-00056,PRT-000617,2
FG-00056,PRT-000461,2
FG-00056,PRT-000830,10
FG-00056,PRT-000967,3
FG-00056,PRT-000986,1
FG-00056,PRT-000753,2
FG-00056,PRT-001148,4
FG-00056,PRT-000388,3
FG-00056,PRT-000484,16
FG-00056,PRT-000181,3
FG-00056,PRT-000702,6
FG-00056,PRT-000430,6
FG-00056,PRT-001029,3
FG-00056,PRT-000352,2
FG-00056,PRT-000571,3
FG-00056,PRT-000370,1
FG-00056,PRT-000522,1
FG-00056,PRT-001174,1
FG-00056,PRT-001077,1
FG-00056,PRT-000376,1
FG-00056,PRT-001140,2
FG-00056,PRT-000635,1
FG-00056,PRT-000481,16
FG-00057,PRT-000023,1
FG-00057,PRT-000614,2
FG-00057,PRT-001197,6
FG-00057,PRT-000860,1
FG-00057,PRT-000501,4
FG-00057,PRT-000509,12
FG-00057,PRT-000013,3
FG-00057,PRT-000114,1
FG-00057,PRT-000590,1
FG-00057,PRT-000069,2
FG-00057,PRT-000065,1
FG-00057,PRT-000796,4
FG-00057,PRT-000714,1
FG-00057,PRT-000721,2
FG-00058,PRT-000762,4
FG-00058,PRT-001191,4
FG-00058,PRT-001090,1
FG-00058,PRT-000750,10
FG-00058,PRT-000860,1
FG-00058,PRT-000929,20
FG-00058,PRT-000250,3
FG-00058,PRT-001187,4
FG-00058,PRT-000953,1
FG-00058,PRT-000879,4
FG-00058,PRT-000096,1
FG-00058,PRT-000095,8
FG-00058,PRT-000219,5
FG-00058,PRT-000089,1
FG-00058,PRT-000867,6
FG-00058,PRT-000440,4
FG-00059,PRT-000371,1
FG-00059,PRT-000367,1
FG-00059,PRT-000970,2
FG-00059,PRT-000795,16
FG-00059,PRT-000264,3
FG-00059,PRT-001163,20
FG-00059,PRT-001149,3
FG-00059,PRT-000060,3
FG-00059,PRT-000838,1
FG-00059,PRT-001023,1
FG-00059,PRT-001065,10
FG-00059,PRT-001123,5
FG-00059,PRT-000186,3
FG-00059,PRT-000567,10
FG-00059,PRT-000837,4
FG-00059,PRT-000622,2
FG-00060,PRT-000893,1
FG-00060,PRT-000882,5
FG-00060,PRT-000039,5
FG-00060,PRT-000331,1
FG-00060,PRT-000508,5
FG-00060,PRT-000108,2
FG-00060,PRT-000472,1
FG-00060,PRT-000988,1
FG-00060,PRT-000757,1
FG-00060,PRT-000999,2
FG-00060,PRT-000624,2
FG-00060,PRT-000482,2
FG-00061,PRT-000480,4
FG-00061,PRT-001158,5
FG-00061,PRT-000471,1
FG-00061,PRT-001016,1
FG-00061,PRT-001080,1
FG-00061,PRT-000550,4
FG-00061,PRT-000189,5
FG-00061,PRT-000252,12
FG-00061,PRT-001129,2
FG-00062,PRT-000917,1
FG-00062,PRT-000161,10
FG-00062,PRT-000406,12
FG-00062,PRT-000829,6
FG-00062,PRT-000191,1
FG-00062,PRT-001186,10
FG-00062,PRT-001001,6
FG-00062,PRT-000038,8
FG-00062,PRT-001021,4
FG-00062,PRT-001080,1
FG-00062,PRT-000137,2
FG-00062,PRT-000935,2
FG-00062,PRT-000763,1
FG-00063,PRT-001136,6
FG-00063,PRT-000903,6
FG-00063,PRT-000791,3
FG-00063,PRT-000148,2
FG-00063,PRT-000977,6
FG-00063,PRT-000045,4
FG-00063,PRT-000193,1
FG-00063,PRT-000879,1
FG-00063,PRT-000485,5
FG-00063,PRT-000065,3
FG-00063,PRT-000032,2
FG-00063,PRT-000744,3
FG-00063,PRT-000044,1
FG-00063,PRT-000035,4
FG-00063,PRT-000022,1
FG-00064,PRT-000812,20
FG-00064,PRT-000175,5
FG-00064,PRT-000888,4
FG-00064,PRT-001107,2
FG-00064,PRT-000616,1
FG-00064,PRT-000615,1
FG-00064,PRT-000063,1
FG-00064,PRT-000839,1
FG-00064,PRT-000177,3
FG-00064,PRT-001162,2
FG-00064,PRT-000975,16
FG-00064,PRT-000818,12
FG-00064,PRT-000582,3
FG-00064,PRT-000732,1
FG-00064,PRT-001161,2
FG-00064,PRT-000581,1
FG-00064,PRT-000709,4
FG-00064,PRT-000557,2
FG-00064,PRT-000451,12
FG-00064,PRT-000322,2
FG-00065,PRT-000042,2
FG-00065,PRT-000977,2
FG-00065,PRT-001010,2
FG-00065,PRT-000158,16
FG-00065,PRT-000884,1
FG-00065,PRT-000789,2
FG-00065,PRT-001161,1
FG-00065,PRT-000125,2
FG-00065,PRT-000937,2
FG-00066,PRT-000128,1
FG-00066,PRT-000491,6
FG-00066,PRT-000329,2
FG-00066,PRT-000108,1
FG-00066,PRT-001144,10
FG-00066,PRT-000190,2
FG-00066,PRT-000307,16
FG-00066,PRT-001022,2
FG-00066,PRT-000482,4
FG-00066,PRT-000830,6
FG-00066,PRT-000983,3
FG-00066,PRT-000146,12
FG-00066,PRT-000611,6
FG-00066,PRT-000975,10
FG-00066,PRT-000484,3
FG-00066,PRT-000783,1
FG-00066,PRT-000985,1
FG-00066,PRT-000731,1
FG-00066,PRT-000110,3
FG-00066,PRT-001029,16
FG-00066,PRT-000107,3
FG-00066,PRT-000598,2
FG-00066,PRT-000029,1
FG-00066,PRT-001120,2
FG-00066,PRT-000470,1
FG-00066,PRT-000884,2
FG-00067,PRT-000442,3
FG-00067,PRT-000453,1
FG-00067,PRT-000470,1
FG-00067,PRT-000126,1
FG-00067,PRT-000832,1
FG-00067,PRT-000566,2
FG-00067,PRT-000829,3
FG-00067,PRT-000161,8
FG-00067,PRT-001118,2
FG-00067,PRT-000495,6
FG-00067,PRT-000012,1
FG-00068,PRT-000995,8
FG-00068,PRT-000588,5
FG-00068,PRT-000397,1
FG-00068,PRT-000724,6
FG-00068,PRT-000986,1
FG-00068,PRT-000109,8
FG-00068,PRT-001059,8
FG-00068,PRT-000428,1
FG-00068,PRT-000608,20
FG-00068,PRT-001193,10
FG-00068,PRT-000103,1
FG-00068,PRT-000503,4
FG-00068,PRT-000316,3
FG-00068,PRT-000446,1
FG-00068,PRT-001094,1
FG-00069,PRT-000657,10
FG-00069,PRT-000404,2
FG-00069,PRT-000122,2
FG-00069,PRT-000166,1
FG-00069,PRT-001162,3
FG-00069,PRT-000565,2
FG-00069,PRT-000800,3
FG-00069,PRT-000895,4
FG-00069,PRT-000694,1
FG-00069,PRT-000259,1
FG-00069,PRT-001123,5
FG-00069,PRT-000809,5
FG-00069,PRT-000194,20
FG-00069,PRT-000758,3
FG-00070,PRT-000887,1
FG-00070,PRT-000900,1
FG-00070,PRT-001159,4
FG-00070,PRT-000662,2
FG-00070,PRT-001085,10
FG-00070,PRT-001053,3
FG-00070,PRT-000892,12
FG-00070,PRT-000483,4
FG-00070,PRT-000105,3
FG-00070,PRT-000095,3
FG-00070,PRT-000910,1
FG-00070,PRT-000082,2
FG-00070,PRT-000840,10
FG-00070,PRT-001094,4
FG-00071,PRT-000187,1
FG-00071,PRT-000509,2
FG-00071,PRT-000937,10
FG-00071,PRT-000912,5
FG-00071,PRT-000337,6
FG-00071,PRT-000514,1
FG-00071,PRT-001001,10
FG-00071,PRT-000009,4
FG-00071,PRT-000931,2
FG-00071,PRT-000257,5
FG-00071,PRT-000093,1
FG-00071,PRT-000654,10
FG-00071,PRT-000095,1
FG-00071,PRT-000783,1
FG-00071,PRT-000843,5
FG-00071,PRT-000945,2
FG-00071,PRT-000871,10
FG-00071,PRT-000803,8
FG-00071,PRT-000414,5
FG-00071,PRT-000906,2
FG-00071,PRT-000376,2
FG-00071,PRT-000904,2
FG-00071,PRT-000523,2
FG-00071,PRT-000512,1
FG-00071,PRT-001112,1
FG-00072,PRT-000417,4
FG-00072,PRT-001183,1
FG-00072,PRT-000823,1
FG-00072,PRT-000166,3
FG-00072,PRT-000413,4
FG-00072,PRT-000105,5
FG-00072,PRT-000631,4
FG-00072,PRT-000711,1
FG-00072,PRT-000080,1
FG-00072,PRT-000591,10
FG-00072,PRT-000879,1
FG-00072,PRT-000237,2
FG-00072,PRT-000774,8
FG-00072,PRT-000125,1
FG-00072,PRT-000828,8
FG-00072,PRT-000408,4
FG-00072,PRT-001136,2
FG-00072,PRT-000571,1
FG-00072,PRT-000738,3
FG-00072,PRT-000662,8
FG-00073,PRT-000459,8
FG-00073,PRT-000801,2
FG-00073,PRT-000958,2
FG-00073,PRT-000330,3
FG-00073,PRT-000257,16
FG-00073,PRT-000784,1
FG-00073,PRT-000973,1
FG-00073,PRT-000613,10
FG-00073,PRT-000171,2
FG-00073,PRT-000680,2
FG-00073,PRT-000622,12
FG-00073,PRT-000807,1
FG-00073,PRT-000301,1
FG-00073,PRT-000262,10
FG-00073,PRT-001177,8
FG-00073,PRT-000286,3
FG-00073,PRT-000910,1
FG-00074,PRT-000472,16
FG-00074,PRT-000475,1
FG-00074,PRT-000510,4
FG-00074,PRT-000832,8
FG-00074,PRT-000177,12
FG-00074,PRT-000929,5
FG-00074,PRT-000471,1
FG-00074,PRT-000838,12
FG-00074,PRT-000595,3
FG-00074,PRT-001199,3
FG-00074,PRT-000625,10
FG-00074,PRT-000529,1
FG-00074,PRT-000208,5
FG-00074,PRT-000749,6
FG-00075,PRT-000139,2
FG-00075,PRT-000574,1
FG-00075,PRT-000270,4
FG-00075,PRT-000518,1
FG-00075,PRT-000808,2
FG-00075,PRT-000253,12
FG-00075,PRT-000862,2
FG-00075,PRT-001087,10
FG-00075,PRT-000997,1
FG-00076,PRT-001134,1
FG-00076,PRT-000404,10
FG-00076,PRT-000118,1
FG-00076,PRT-000932,3
FG-00076,PRT-000055,3
FG-00076,PRT-000925,1
FG-00076,PRT-001192,1
FG-00076,PRT-000670,2
FG-00076,PRT-000455,2
FG-00076,PRT-000996,1
FG-00076,PRT-001144,1
FG-00076,PRT-000314,1
FG-00076,PRT-000281,4
FG-00076,PRT-000761,16
FG-00076,PRT-000894,2
FG-00077,PRT-000202,5
FG-00077,PRT-001008,10
FG-00077,PRT-000336,1
FG-00077,PRT-001149,1
FG-00077,PRT-000486,3
FG-00077,PRT-001061,3
FG-00077,PRT-000661,3
FG-00077,PRT-000838,2
FG-00077,PRT-000953,16
FG-00077,PRT-000395,4
FG-00077,PRT-000003,4
FG-00077,PRT-000495,1
FG-00077,PRT-000351,1
FG-00078,PRT-000268,4
FG-00078,PRT-000562,4
FG-00078,PRT-001111,6
FG-00078,PRT-000232,3
FG-00078,PRT-000603,1
FG-00078,PRT-000349,3
FG-00078,PRT-001176,1
FG-00078,PRT-000886,1
FG-00078,PRT-000178,6
FG-00078,PRT-000108,16
FG-00078,PRT-000953,10
FG-00078,PRT-000590,1
FG-00078,PRT-000631,2
FG-00078,PRT-000261,10
FG-00078,PRT-000225,8
FG-00078,PRT-001011,1
FG-00078,PRT-000805,1
FG-00079,PRT-000018,5
FG-00079,PRT-000253,1
FG-00079,PRT-001094,1
FG-00079,PRT-000277,2
FG-00079,PRT-000043,1
FG-00079,PRT-000745,1
FG-00079,PRT-000033,3
FG-00079,PRT-000011,1
FG-00079,PRT-000407,3
FG-00079,PRT-001185,4
FG-00079,PRT-000623,3
FG-00079,PRT-000665,3
FG-00079,PRT-000710,1
FG-00079,PRT-000828,3
FG-00079,PRT-001067,8
FG-00079,PRT-000039,8
FG-00079,PRT-000920,1
FG-00079,PRT-000858,2
FG-00079,PRT-000786,5
FG-00079,PRT-000512,4
FG-00080,PRT-000307,2
FG-00080,PRT-000074,4
FG-00080,PRT-000029,10
FG-00080,PRT-000826,3
FG-00080,PRT-000476,3
FG-00080,PRT-000232,4
FG-00080,PRT-000987,1
FG-00080,PRT-000210,2
FG-00080,PRT-000106,5
FG-00080,PRT-000179,3
FG-00080,PRT-001059,1
FG-00080,PRT-000182,10
FG-00080,PRT-000687,2
FG-00080,PRT-000108,1
FG-00080,PRT-000981,1
FG-00080,PRT-001006,12
FG-00080,PRT-000792,5
FG-00080,PRT-000690,2
FG-00081,PRT-000693,2
FG-00081,PRT-000811,1
FG-00081,PRT-001009,2
FG-00081,PRT-000280,3
FG-00081,PRT-000638,3
FG-00081,PRT-000189,1
FG-00081,PRT-000064,16
FG-00081,PRT-000250,4
FG-00081,PRT-000175,3
FG-00081,PRT-000496,8
FG-00081,PRT-001109,1
FG-00081,PRT-000649,4
FG-00081,PRT-000027,2
FG-00081,PRT-001095,4
FG-00081,PRT-000984,12
FG-00081,PRT-001181,1
FG-00081,PRT-000711,1
FG-00082,PRT-001054,3
FG-00082,PRT-000843,12
FG-00082,PRT-000983,3
FG-00082,PRT-000091,6
FG-00082,PRT-000247,1
FG-00082,PRT-000973,3
FG-00082,PRT-000441,2
FG-00082,PRT-000576,20
FG-00082,PRT-000631,16
FG-00082,PRT-000697,1
FG-00082,PRT-000195,4
FG-00082,PRT-000678,1
FG-00082,PRT-000787,3
FG-00082,PRT-000652,20
FG-00082,PRT-000262,1
FG-00082,PRT-000253,5
FG-00082,PRT-000348,3
FG-00082,PRT-000883,20
FG-00083,PRT-000961,2
FG-00083,PRT-000906,4
FG-00083,PRT-000729,3
FG-00083,PRT-000992,2
FG-00083,PRT-000542,1
FG-00083,PRT-000983,8
FG-00083,PRT-000978,1
FG-00083,PRT-000986,4
FG-00083,PRT-000654,1
FG-00083,PRT-000918,16
FG-00083,PRT-000619,1
FG-00083,PRT-000504,3
FG-00083,PRT-000601,8
FG-00083,PRT-000254,1
FG-00083,PRT-000348,4
FG-00084,PRT-001110,1
FG-00084,PRT-000108,6
FG-00084,PRT-000914,2
FG-00084,PRT-000499,5
FG-00084,PRT-000695,4
FG-00084,PRT-000819,1
FG-00084,PRT-000210,6
FG-00084,PRT-000250,10
FG-00084,PRT-000127,1
FG-00084,PRT-000006,16
FG-00084,PRT-000677,6
FG-00084,PRT-001133,4
FG-00084,PRT-000702,5
FG-00084,PRT-000481,1
FG-00084,PRT-000318,1
FG-00084,PRT-000172,10
FG-00084,PRT-000706,10
FG-00084,PRT-000469,1
FG-00084,PRT-000667,3
FG-00084,PRT-000269,2
FG-00084,PRT-000321,1
FG-00084,PRT-001038,6
FG-00084,PRT-000042,4
FG-00084,PRT-000192,1
FG-00084,PRT-000351,4
FG-00085,PRT-001175,10
FG-00085,PRT-000135,1
FG-00085,PRT-000023,6
FG-00085,PRT-000603,3
FG-00085,PRT-000591,16
FG-00085,PRT-000323,6
FG-00085,PRT-000290,10
FG-00085,PRT-000507,8
FG-00085,PRT-000741,8
FG-00085,PRT-000261,6
FG-00085,PRT-000512,10
FG-00085,PRT-000805,1
FG-00085,PRT-000561,6
FG-00086,PRT-000907,2
FG-00086,PRT-000304,2
FG-00086,PRT-000609,1
FG-00086,PRT-000681,1
FG-00086,PRT-001119,10
FG-00086,PRT-001116,16
FG-00086,PRT-000455,3
FG-00086,PRT-000547,8
FG-00086,PRT-000817,1
FG-00086,PRT-001062,4
FG-00086,PRT-000813,12
FG-00086,PRT-000176,2
FG-00087,PRT-000381,3
FG-00087,PRT-000471,2
FG-00087,PRT-000888,5
FG-00087,PRT-001113,3
FG-00087,PRT-000836,2
FG-00087,PRT-001126,4
FG-00087,PRT-000819,4
FG-00087,PRT-000055,1
FG-00087,PRT-000324,2
FG-00087,PRT-000724,10
FG-00087,PRT-000224,1
FG-00087,PRT-000430,3
FG-00087,PRT-000183,4
FG-00087,PRT-000348,1
FG-00087,PRT-001114,1
FG-00087,PRT-000111,2
FG-00087,PRT-000662,4
FG-00087,PRT-000259,1
FG-00087,PRT-000454,6
FG-00087,PRT-000322,5
FG-00087,PRT-000761,6
FG-00087,PRT-000763,1
FG-00088,PRT-000825,2
FG-00088,PRT-000674,1
FG-00088,PRT-000843,2
FG-00088,PRT-000719,1
FG-00088,PRT-000925,5
FG-00088,PRT-000665,4
FG-00088,PRT-000253,2
FG-00088,PRT-001029,8
FG-00088,PRT-000669,2
FG-00088,PRT-000721,1
FG-00088,PRT-000547,1
FG-00088,PRT-000746,1
FG-00089,PRT-000553,8
FG-00089,PRT-000097,1
FG-00089,PRT-000141,1
FG-00089,PRT-000550,2
FG-00089,PRT-000417,1
FG-00089,PRT-000940,2
FG-00089,PRT-000962,2
FG-00089,PRT-000076,3
FG-00089,PRT-000043,2
FG-00089,PRT-000818,1
FG-00089,PRT-000867,4
FG-00089,PRT-000774,1
FG-00089,PRT-000125,1
FG-00089,PRT-000828,5
FG-00089,PRT-000196,1
FG-00089,PRT-000040,1
FG-00089,PRT-000555,1
FG-00089,PRT-000548,3
FG-00089,PRT-000022,1
FG-00090,PRT-000961,1
FG-00090,PRT-000847,2
FG-00090,PRT-000550,10
FG-00090,PRT-000912,1
FG-00090,PRT-000768,1
FG-00090,PRT-000035,3
FG-00090,PRT-000789,1
FG-00090,PRT-001079,2
FG-00090,PRT-000525,6
FG-00090,PRT-000600,1
FG-00090,PRT-000780,2
FG-00090,PRT-000084,2
FG-00090,PRT-000682,1
FG-00090,PRT-001103,6
FG-00090,PRT-001071,12
FG-00090,PRT-000470,4
FG-00090,PRT-000281,1
FG-00090,PRT-000501,1
FG-00090,PRT-001112,5
FG-00091,PRT-000255,2
FG-00091,PRT-000233,6
FG-00091,PRT-000568,6
FG-00091,PRT-000531,1
FG-00091,PRT-000344,16
FG-00091,PRT-000032,12
FG-00091,PRT-000946,1
FG-00091,PRT-000008,16
FG-00091,PRT-000967,3
FG-00091,PRT-000977,3
FG-00091,PRT-001148,6
FG-00091,PRT-000721,12
FG-00091,PRT-000438,1
FG-00091,PRT-001003,1
FG-00091,PRT-001125,8
FG-00091,PRT-000854,2
FG-00091,PRT-000176,3
FG-00091,PRT-000994,3
FG-00091,PRT-000246,10
FG-00092,PRT-000356,1
FG-00092,PRT-000123,8
FG-00092,PRT-000434,3
FG-00092,PRT-001167,1
FG-00092,PRT-000073,2
FG-00092,PRT-000431,1
FG-00092,PRT-000851,4
FG-00092,PRT-000310,4
FG-00092,PRT-001145,2
FG-00092,PRT-000683,6
FG-00092,PRT-000451,6
FG-00092,PRT-000688,4
FG-00092,PRT-000011,6
FG-00092,PRT-000921,2
FG-00092,PRT-000842,1
FG-00092,PRT-001047,3
FG-00093,PRT-000568,6
FG-00093,PRT-000191,1
FG-00093,PRT-001179,5
FG-00093,PRT-000571,1
FG-00093,PRT-000414,2
FG-00093,PRT-000104,12
FG-00093,PRT-000475,5
FG-00093,PRT-001031,5
FG-00093,PRT-000841,4
FG-00093,PRT-000182,2
FG-00094,PRT-000899,3
FG-00094,PRT-000406,10
FG-00094,PRT-001045,6
FG-00094,PRT-000506,1
FG-00094,PRT-001020,20
FG-00094,PRT-000621,3
FG-00094,PRT-000793,2
FG-00094,PRT-000940,2
FG-00094,PRT-001147,12
FG-00094,PRT-000691,10
FG-00094,PRT-000012,2
FG-00094,PRT-000817,4
FG-00094,PRT-000529,1
FG-00094,PRT-000648,6
FG-00094,PRT-000752,1
FG-00094,PRT-000934,5
FG-00095,PRT-000048,1
FG-00095,PRT-001076,1
FG-00095,PRT-001098,3
FG-00095,PRT-000218,3
FG-00095,PRT-000643,1
FG-00095,PRT-000397,3
FG-00095,PRT-000277,1
FG-00095,PRT-000105,8
FG-00095,PRT-000315,3
FG-00095,PRT-000702,3
FG-00095,PRT-000382,1
FG-00095,PRT-001145,12
FG-00095,PRT-000956,1
FG-00095,PRT-000369,4
FG-00095,PRT-000176,6
FG-00095,PRT-000191,3
FG-00095,PRT-000585,2
FG-00095,PRT-001052,4
FG-00095,PRT-000206,5
FG-00095,PRT-001070,1
FG-00095,PRT-000184,1
FG-00095,PRT-000755,1
FG-00096,PRT-000491,1
FG-00096,PRT-000336,2
FG-00096,PRT-000777,1
FG-00096,PRT-001128,2
FG-00096,PRT-000465,3
FG-00096,PRT-001184,2
FG-00096,PRT-000853,1
FG-00096,PRT-000695,2
FG-00096,PRT-001135,6
FG-00096,PRT-001179,2
FG-00096,PRT-000334,6
FG-00096,PRT-001123,2
FG-00096,PRT-000339,3
FG-00096,PRT-001119,2
FG-00096,PRT-000258,1
FG-00096,PRT-000866,6
FG-00096,PRT-000295,3
FG-00096,PRT-000602,6
FG-00096,PRT-000036,6
FG-00096,PRT-000746,6
FG-00096,PRT-000481,2
FG-00097,PRT-000363,2
FG-00097,PRT-000267,1
FG-00097,PRT-000226,12
FG-00097,PRT-000021,10
FG-00097,PRT-000416,2
FG-00097,PRT-000566,12
FG-00097,PRT-000628,1
FG-00097,PRT-000320,1
FG-00097,PRT-001035,3
FG-00097,PRT-001036,1
FG-00097,PRT-000577,10
FG-00097,PRT-000291,16
FG-00097,PRT-000282,1
FG-00097,PRT-000107,2
FG-00097,PRT-001046,2
FG-00097,PRT-000965,20
FG-00097,PRT-000232,20
FG-00097,PRT-000279,1
FG-00097,PRT-000735,16
FG-00098,PRT-000094,1
FG-00098,PRT-000259,3
FG-00098,PRT-000071,2
FG-00098,PRT-000420,10
FG-00098,PRT-000780,1
FG-00098,PRT-000656,3
FG-00098,PRT-000585,1
FG-00098,PRT-000778,1
FG-00098,PRT-000299,5
FG-00098,PRT-000686,4
FG-00098,PRT-000867,12
FG-00098,PRT-000976,1
FG-00099,PRT-000320,2
FG-00099,PRT-000223,2
FG-00099,PRT-000141,1
FG-00099,PRT-000871,5
FG-00099,PRT-000256,1
FG-00099,PRT-000954,4
FG-00099,PRT-000568,3
FG-00099,PRT-000533,4
FG-00099,PRT-001148,10
FG-00099,PRT-000520,5
FG-00099,PRT-001109,4
FG-00099,PRT-001038,5
FG-00099,PRT-000379,3
FG-00099,PRT-001002,20
FG-00099,PRT-000837,8
FG-00099,PRT-000144,1
FG-00100,PRT-001088,5
FG-00100,PRT-001044,5
FG-00100,PRT-000535,10
FG-00100,PRT-000978,3
FG-00100,PRT-000750,1
FG-00100,PRT-000197,16
FG-00100,PRT-000182,1
FG-00100,PRT-001078,1
FG-00100,PRT-001125,5
FG-00100,PRT-000382,10
FG-00100,PRT-000731,12
FG-00100,PRT-000867,4
FG-00100,PRT-000469,1
FG-00100,PRT-000295,1
FG-00100,PRT-000686,5
FG-00100,PRT-000178,4
FG-00100,PRT-000184,1
FG-00100,PRT-000971,5
FG-00100,PRT-000351,12
FG-00101,PRT-000773,16
FG-00101,PRT-000292,3
FG-00101,PRT-000028,6
FG-00101,PRT-000777,1
FG-00101,PRT-000509,2
FG-00101,PRT-001059,12
FG-00101,PRT-000241,2
FG-00101,PRT-000540,1
FG-00101,PRT-001178,2
FG-00101,PRT-000502,6
FG-00101,PRT-000397,20
FG-00101,PRT-000689,1
FG-00101,PRT-000366,4
FG-00101,PRT-000741,8
FG-00101,PRT-000273,8
FG-00101,PRT-000159,12
FG-00101,PRT-000964,4
FG-00101,PRT-000227,8
FG-00101,PRT-000361,2
FG-00101,PRT-000756,4
FG-00101,PRT-000649,3
FG-00101,PRT-000867,2
FG-00101,PRT-000713,2
FG-00101,PRT-000656,5
FG-00101,PRT-000094,1
FG-00101,PRT-000202,8
FG-00101,PRT-000718,5
FG-00101,PRT-000038,1
FG-00101,PRT-000720,2
FG-00101,PRT-000147,8
FG-00102,PRT-000846,4
FG-00102,PRT-000509,2
FG-00102,PRT-000480,3
FG-00102,PRT-000014,6
FG-00102,PRT-000205,1
FG-00102,PRT-000008,1
FG-00102,PRT-000482,1
FG-00102,PRT-000023,20
FG-00102,PRT-001116,1
FG-00102,PRT-000350,16
FG-00102,PRT-000323,1
FG-00102,PRT-000526,4
FG-00102,PRT-000685,3
FG-00102,PRT-000077,3
FG-00102,PRT-001124,1
FG-00102,PRT-000543,3
FG-00102,PRT-000866,4
FG-00102,PRT-000995,8
FG-00102,PRT-000473,8
FG-00102,PRT-001168,8
FG-00102,PRT-001174,1
FG-00102,PRT-000492,10
FG-00102,PRT-000225,3
FG-00102,PRT-000720,10
FG-00102,PRT-000512,10
FG-00103,PRT-000214,3
FG-00103,PRT-000657,1
FG-00103,PRT-000560,4
FG-00103,PRT-000506,1
FG-00103,PRT-000859,10
FG-00103,PRT-000106,3
FG-00103,PRT-000054,5
FG-00103,PRT-000734,8
FG-00103,PRT-000976,6
FG-00103,PRT-000056,6
FG-00103,PRT-000101,6
FG-00103,PRT-000630,2
FG-00103,PRT-000496,1
FG-00103,PRT-000577,1
FG-00103,PRT-000388,4
FG-00103,PRT-001124,2
FG-00103,PRT-000115,20
FG-00103,PRT-001171,2
FG-00104,PRT-000961,6
FG-00104,PRT-000418,1
FG-00104,PRT-000855,2
FG-00104,PRT-001008,1
FG-00104,PRT-000054,2
FG-00104,PRT-000841,1
FG-00104,PRT-000886,1
FG-00104,PRT-000564,5
FG-00104,PRT-001085,5
FG-00104,PRT-000093,1
FG-00104,PRT-001142,4
FG-00104,PRT-000163,4
FG-00104,PRT-000578,2
FG-00104,PRT-000161,2
FG-00104,PRT-001065,1
FG-00104,PRT-000700,4
FG-00104,PRT-000786,1
FG-00104,PRT-000035,3
FG-00105,PRT-000415,6
FG-00105,PRT-000373,5
FG-00105,PRT-000627,4
FG-00105,PRT-000532,10
FG-00105,PRT-000908,4
FG-00105,PRT-001001,6
FG-00105,PRT-000499,16
FG-00105,PRT-000947,8
FG-00105,PRT-000547,3
FG-00105,PRT-000398,2
FG-00105,PRT-000600,4
FG-00105,PRT-000485,5
FG-00105,PRT-000632,5
FG-00105,PRT-001015,2
FG-00105,PRT-000282,5
FG-00105,PRT-001171,2
FG-00105,PRT-000828,1
FG-00105,PRT-000515,16
FG-00105,PRT-000120,12
FG-00105,PRT-000678,2
FG-00106,PRT-000847,1
FG-00106,PRT-000675,2
FG-00106,PRT-000657,4
FG-00106,PRT-000026,1
FG-00106,PRT-000491,2
FG-00106,PRT-000784,1
FG-00106,PRT-001137,1
FG-00106,PRT-000730,2
FG-00106,PRT-000570,2
FG-00106,PRT-000867,3
FG-00106,PRT-000744,2
FG-00106,PRT-000447,1
FG-00106,PRT-000467,10
FG-00107,PRT-000187,6
FG-00107,PRT-000400,10
FG-00107,PRT-000551,1
FG-00107,PRT-000599,1
FG-00107,PRT-001178,3
FG-00107,PRT-000341,5
FG-00107,PRT-000319,2
FG-00107,PRT-000059,2
FG-00107,PRT-000238,1
FG-00107,PRT-000485,4
FG-00107,PRT-000033,16
FG-00107,PRT-001056,4
FG-00107,PRT-000903,1
FG-00107,PRT-000822,4
FG-00107,PRT-001026,2
FG-00107,PRT-000455,2
FG-00107,PRT-000845,1
FG-00107,PRT-000507,5
FG-00107,PRT-001124,1
FG-00107,PRT-000902,8
FG-00107,PRT-000867,1
FG-00107,PRT-000074,6
FG-00107,PRT-000927,2
FG-00107,PRT-000248,2
FG-00107,PRT-000560,3
FG-00107,PRT-000930,1
FG-00107,PRT-000280,1
FG-00107,PRT-000376,5
FG-00107,PRT-000036,10
FG-00107,PRT-000842,1
FG-00107,PRT-001127,1
FG-00108,PRT-000476,2
FG-00108,PRT-000037,2
FG-00108,PRT-000634,2
FG-00108,PRT-000387,3
FG-00108,PRT-000595,1
FG-00108,PRT-000490,2
FG-00108,PRT-000472,1
FG-00108,PRT-000916,2
FG-00108,PRT-000849,5
FG-00108,PRT-000814,1
FG-00108,PRT-001199,20
FG-00108,PRT-000898,1
FG-00108,PRT-000964,6
FG-00108,PRT-001072,2
FG-00108,PRT-000974,1
FG-00108,PRT-001119,6
FG-00108,PRT-000390,3
FG-00108,PRT-000101,1
FG-00108,PRT-000623,2
FG-00108,PRT-000918,10
FG-00108,PRT-000536,5
FG-00108,PRT-000523,1
FG-00108,PRT-001140,1
FG-00108,PRT-000441,3
FG-00108,PRT-001172,1
FG-00108,PRT-000082,1
FG-00108,PRT-000446,6
FG-00108,PRT-000385,5
FG-00109,PRT-001088,2
FG-00109,PRT-000384,1
FG-00109,PRT-000999,2
FG-00109,PRT-000065,6
FG-00109,PRT-000287,1
FG-00109,PRT-000341,1
FG-00109,PRT-001008,20
FG-00109,PRT-001123,3
FG-00109,PRT-000611,5
FG-00109,PRT-000242,3
FG-00109,PRT-000136,1
FG-00109,PRT-000886,4
FG-00109,PRT-000862,1
FG-00109,PRT-000527,2
FG-00109,PRT-001196,1
FG-00109,PRT-000040,10
FG-00109,PRT-001140,2
FG-00109,PRT-000607,5
FG-00109,PRT-000492,1
FG-00109,PRT-000786,4
FG-00109,PRT-000548,2
FG-00110,PRT-000160,5
FG-00110,PRT-000426,3
FG-00110,PRT-000022,2
FG-00110,PRT-000400,1
FG-00110,PRT-001185,6
FG-00110,PRT-000356,1
FG-00110,PRT-000035,10
FG-00110,PRT-000391,10
FG-00110,PRT-001198,1
FG-00111,PRT-000764,1
FG-00111,PRT-000759,12
FG-00111,PRT-000777,6
FG-00111,PRT-000109,4
FG-00111,PRT-001164,1
FG-00111,PRT-000954,1
FG-00111,PRT-000344,4
FG-00111,PRT-000480,10
FG-00111,PRT-000359,12
FG-00111,PRT-001060,12
FG-00111,PRT-000751,2
FG-00111,PRT-000977,5
FG-00111,PRT-000838,3
FG-00111,PRT-000661,3
FG-00111,PRT-000807,4
FG-00111,PRT-000231,2
FG-00111,PRT-000809,1
FG-00111,PRT-000907,2
FG-00111,PRT-001103,1
FG-00111,PRT-000077,10
FG-00111,PRT-000463,2
FG-00111,PRT-000066,1
FG-00111,PRT-001129,4
FG-00111,PRT-000969,20
FG-00111,PRT-000598,3
FG-00111,PRT-001168,2
FG-00111,PRT-001115,10
FG-00111,PRT-000142,4
FG-00112,PRT-000371,12
FG-00112,PRT-000248,2
FG-00112,PRT-001188,2
FG-00112,PRT-000812,3
FG-00112,PRT-000084,4
FG-00112,PRT-000200,8
FG-00112,PRT-000865,10
FG-00112,PRT-000715,2
FG-00112,PRT-000732,8
FG-00112,PRT-000018,1
FG-00112,PRT-001145,1
FG-00112,PRT-000597,2
FG-00112,PRT-000567,1
FG-00112,PRT-000926,2
FG-00112,PRT-000746,1
FG-00113,PRT-000885,4
FG-00113,PRT-000489,8
FG-00113,PRT-000903,1
FG-00113,PRT-000963,6
FG-00113,PRT-000971,1
FG-00113,PRT-001030,1
FG-00113,PRT-000226,4
FG-00113,PRT-000817,1
FG-00113,PRT-000111,3
FG-00113,PRT-000091,3
FG-00113,PRT-000315,1
FG-00114,PRT-000340,1
FG-00114,PRT-000987,3
FG-00114,PRT-000892,5
FG-00114,PRT-000798,4
FG-00114,PRT-000978,6
FG-00114,PRT-000951,4
FG-00114,PRT-000638,2
FG-00114,PRT-000687,4
FG-00114,PRT-001100,5
FG-00114,PRT-001171,1
FG-00114,PRT-000391,16
FG-00114,PRT-000974,4
FG-00115,PRT-001020,1
FG-00115,PRT-000876,5
FG-00115,PRT-000108,1
FG-00115,PRT-000241,3
FG-00115,PRT-000592,1
FG-00115,PRT-000021,4
FG-00115,PRT-000118,1
FG-00115,PRT-000386,1
FG-00115,PRT-001162,4
FG-00115,PRT-001018,8
FG-00115,PRT-000827,5
FG-00115,PRT-001017,2
FG-00115,PRT-000084,2
FG-00115,PRT-000788,3
FG-00115,PRT-001087,12
FG-00115,PRT-000256,1
FG-00115,PRT-000893,6
FG-00115,PRT-000047,1
FG-00115,PRT-000352,8
FG-00115,PRT-000493,1
FG-00115,PRT-000470,2
FG-00115,PRT-001140,2
FG-00115,PRT-000301,4
FG-00115,PRT-001172,2
FG-00116,PRT-000923,6
FG-00116,PRT-000859,8
FG-00116,PRT-001065,1
FG-00116,PRT-000029,3
FG-00116,PRT-000148,2
FG-00116,PRT-001174,1
FG-00116,PRT-000864,2
FG-00116,PRT-000426,4
FG-00116,PRT-000664,3
FG-00116,PRT-000549,2
FG-00116,PRT-000281,3
FG-00117,PRT-000831,1
FG-00117,PRT-000571,8
FG-00117,PRT-000457,2
FG-00117,PRT-000367,8
FG-00117,PRT-000772,1
FG-00117,PRT-001125,12
FG-00117,PRT-001084,2
FG-00117,PRT-001137,12
FG-00117,PRT-000653,1
FG-00117,PRT-000448,2
FG-00117,PRT-000957,1
FG-00117,PRT-000937,4
FG-00117,PRT-000918,1
FG-00117,PRT-000182,4
FG-00117,PRT-000401,4
FG-00117,PRT-000049,6
FG-00117,PRT-000044,2
FG-00117,PRT-000622,2
FG-00118,PRT-000374,4
FG-00118,PRT-000400,5
FG-00118,PRT-000362,3
FG-00118,PRT-000497,1
FG-00118,PRT-000384,4
FG-00118,PRT-000229,8
FG-00118,PRT-000345,10
FG-00118,PRT-000950,1
FG-00118,PRT-000609,2
FG-00118,PRT-000841,3
FG-00118,PRT-000650,4
FG-00118,PRT-000843,6
FG-00118,PRT-000682,1
FG-00118,PRT-000518,10
FG-00118,PRT-000902,2
FG-00118,PRT-000597,16
FG-00118,PRT-001177,6
FG-00118,PRT-000995,2
FG-00118,PRT-000094,16
FG-00118,PRT-000585,3
FG-00118,PRT-000301,1
FG-00118,PRT-000389,1
FG-00118,PRT-001021,3
FG-00119,PRT-000590,10
FG-00119,PRT-001113,5
FG-00119,PRT-000988,5
FG-00119,PRT-000244,4
FG-00119,PRT-000717,3
FG-00119,PRT-000529,2
FG-00119,PRT-000721,5
FG-00119,PRT-000582,2
FG-00119,PRT-000871,1
FG-00119,PRT-000899,10
FG-00119,PRT-000598,12
FG-00119,PRT-000380,1
FG-00119,PRT-000781,6
FG-00119,PRT-001166,4
FG-00119,PRT-000454,2
FG-00119,PRT-000607,2
FG-00119,PRT-000635,1
FG-00119,PRT-000395,2
FG-00119,PRT-000503,1
FG-00119,PRT-000312,4
FG-00120,PRT-000234,1
FG-00120,PRT-000759,2
FG-00120,PRT-000168,5
FG-00120,PRT-000141,2
FG-00120,PRT-000999,6
FG-00120,PRT-000642,2
FG-00120,PRT-000514,4
FG-00120,PRT-000472,5
FG-00120,PRT-000852,2
FG-00120,PRT-000562,3
FG-00120,PRT-000366,1
FG-00120,PRT-000174,1
FG-00120,PRT-001099,5
FG-00120,PRT-000985,1
FG-00120,PRT-000760,1
FG-00120,PRT-000837,3
FG-00120,PRT-000326,12
FG-00120,PRT-000155,20
FG-00120,PRT-000515,6
FG-00120,PRT-001121,2
FG-00120,PRT-000968,1
FG-00120,PRT-001106,2
FG-00120,PRT-000184,1
FG-00120,PRT-000312,2
FG-00120,PRT-000441,5
FG-00120,PRT-000389,4
FG-00120,PRT-000147,12
FG-00120,PRT-000991,2
FG-00121,PRT-000315,2
FG-00121,PRT-000307,1
FG-00121,PRT-001172,10
FG-00121,PRT-000988,6
FG-00121,PRT-000252,6
FG-00121,PRT-000756,2
FG-00121,PRT-000296,16
FG-00121,PRT-001198,3
FG-00121,PRT-000539,2
FG-00121,PRT-000802,1
FG-00121,PRT-000697,6
FG-00121,PRT-000183,5
FG-00121,PRT-000078,12
FG-00121,PRT-000511,1
FG-00121,PRT-000882,1
FG-00122,PRT-000759,4
FG-00122,PRT-000417,6
FG-00122,PRT-000971,5
FG-00122,PRT-001044,2
FG-00122,PRT-000777,1
FG-00122,PRT-000617,1
FG-00122,PRT-000403,3
FG-00122,PRT-000622,16
FG-00122,PRT-000605,1
FG-00122,PRT-000502,8
FG-00122,PRT-000857,1
FG-00122,PRT-000085,4
FG-00122,PRT-000810,10
FG-00122,PRT-000261,2
FG-00122,PRT-001123,1
FG-00122,PRT-000911,2
FG-00122,PRT-000818,5
FG-00122,PRT-000801,4
FG-00122,PRT-000582,4
FG-00122,PRT-000167,1
FG-00122,PRT-000463,6
FG-00122,PRT-000302,8
FG-00122,PRT-000262,3
FG-00123,PRT-000373,2
FG-00123,PRT-000465,16
FG-00123,PRT-000749,2
FG-00123,PRT-000988,1
FG-00123,PRT-000127,3
FG-00123,PRT-000339,1
FG-00123,PRT-000886,4
FG-00123,PRT-001187,2
FG-00123,PRT-000760,2
FG-00123,PRT-000683,5
FG-00123,PRT-000902,4
FG-00123,PRT-000730,1
FG-00123,PRT-000144,3
FG-00123,PRT-000173,3
FG-00123,PRT-000466,2
FG-00123,PRT-001090,2
FG-00123,PRT-000930,4
FG-00123,PRT-001004,6
FG-00123,PRT-000563,6
FG-00123,PRT-000890,8
FG-00123,PRT-000496,3
FG-00123,PRT-000389,1
FG-00123,PRT-000786,5
FG-00124,PRT-001200,6
FG-00124,PRT-000353,10
FG-00124,PRT-000400,3
FG-00124,PRT-000028,2
FG-00124,PRT-000180,8
FG-00124,PRT-000211,1
FG-00124,PRT-000495,6
FG-00124,PRT-000749,1
FG-00124,PRT-000325,2
FG-00124,PRT-000848,12
FG-00124,PRT-000977,2
FG-00124,PRT-000398,1
FG-00124,PRT-000798,1
FG-00124,PRT-000778,16
FG-00124,PRT-001186,2
FG-00124,PRT-000526,2
FG-00124,PRT-000871,10
FG-00124,PRT-000070,8
FG-00124,PRT-001146,1
FG-00124,PRT-000971,1
FG-00125,PRT-000285,1
FG-00125,PRT-000734,1
FG-00125,PRT-000329,6
FG-00125,PRT-000792,1
FG-00125,PRT-000749,2
FG-00125,PRT-000472,20
FG-00125,PRT-001060,1
FG-00125,PRT-001050,1
FG-00125,PRT-000785,1
FG-00125,PRT-001018,3
FG-00125,PRT-000388,10
FG-00125,PRT-000357,1
FG-00125,PRT-000679,3
FG-00125,PRT-000243,1
FG-00125,PRT-000185,20
FG-00125,PRT-000565,2
FG-00125,PRT-000507,4
FG-00125,PRT-000893,1
FG-00125,PRT-000074,3
FG-00125,PRT-000066,8
FG-00125,PRT-000125,1
FG-00125,PRT-001152,1
FG-00125,PRT-000563,2
FG-00125,PRT-000206,8
FG-00125,PRT-001083,10
FG-00125,PRT-000489,5
FG-00126,PRT-000234,10
FG-00126,PRT-001134,1
FG-00126,PRT-000381,1
FG-00126,PRT-001113,2
FG-00126,PRT-001006,1
FG-00126,PRT-000830,2
FG-00126,PRT-000397,1
FG-00126,PRT-001179,3
FG-00126,PRT-000547,5
FG-00126,PRT-000396,10
FG-00126,PRT-000583,5
FG-00126,PRT-000809,8
FG-00126,PRT-000440,20
FG-00126,PRT-000320,2
FG-00126,PRT-000932,1
FG-00126,PRT-000405,1
FG-00126,PRT-000817,3
FG-00126,PRT-000263,5
FG-00126,PRT-000865,8
FG-00126,PRT-000295,1
FG-00126,PRT-001196,3
FG-00126,PRT-000794,1
FG-00126,PRT-001155,3
FG-00126,PRT-000235,10
FG-00126,PRT-000358,2
FG-00126,PRT-001143,4
FG-00126,PRT-000718,4
FG-00126,PRT-000120,4
FG-00127,PRT-000070,5
FG-00127,PRT-000418,2
FG-00127,PRT-000371,1
FG-00127,PRT-000400,5
FG-00127,PRT-000247,3
FG-00127,PRT-000071,20
FG-00127,PRT-000245,3
FG-00127,PRT-000241,10
FG-00127,PRT-001033,1
FG-00127,PRT-000527,1
FG-00127,PRT-000611,2
FG-00127,PRT-000262,8
FG-00127,PRT-000633,3
FG-00127,PRT-000076,4
FG-00128,PRT-000356,1
FG-00128,PRT-000417,4
FG-00128,PRT-000168,5
FG-00128,PRT-000853,4
FG-00128,PRT-000216,5
FG-00128,PRT-000616,5
FG-00128,PRT-001192,3
FG-00128,PRT-000396,1
FG-00128,PRT-000416,4
FG-00128,PRT-000449,1
FG-00128,PRT-000604,3
FG-00128,PRT-000582,1
FG-00128,PRT-000438,5
FG-00128,PRT-001003,4
FG-00128,PRT-000251,2
FG-00128,PRT-000694,4
FG-00128,PRT-000817,5
FG-00128,PRT-000770,3
FG-00128,PRT-000425,1
FG-00128,PRT-000056,1
FG-00128,PRT-000262,10
FG-00128,PRT-000458,1
FG-00129,PRT-000113,3
FG-00129,PRT-000858,8
FG-00129,PRT-000893,1
FG-00129,PRT-000035,1
FG-00129,PRT-000156,3
FG-00129,PRT-000522,4
FG-00129,PRT-000657,2
FG-00129,PRT-000932,6
FG-00129,PRT-000938,2
FG-00129,PRT-001096,12
FG-00130,PRT-000061,2
FG-00130,PRT-001092,6
FG-00130,PRT-000794,4
FG-00130,PRT-000733,5
FG-00130,PRT-000399,8
FG-00130,PRT-001192,2
FG-00130,PRT-000139,2
FG-00130,PRT-000504,8
FG-00130,PRT-000220,2
FG-00130,PRT-000893,3
FG-00130,PRT-000069,8
FG-00130,PRT-000798,4
FG-00130,PRT-001029,12
FG-00130,PRT-000770,1
FG-00130,PRT-000840,4
FG-00130,PRT-000910,3
FG-00131,PRT-000850,1
FG-00131,PRT-000708,3
FG-00131,PRT-000575,2
FG-00131,PRT-000595,1
FG-00131,PRT-000743,4
FG-00131,PRT-001100,1
FG-00131,PRT-000367,12
FG-00131,PRT-000931,1
FG-00131,PRT-000793,10
FG-00131,PRT-000977,2
FG-00131,PRT-000898,2
FG-00131,PRT-000469,6
FG-00131,PRT-000506,3
FG-00131,PRT-001057,1
FG-00131,PRT-000137,8
FG-00131,PRT-001163,3
FG-00131,PRT-000462,3
FG-00131,PRT-000049,2
FG-00131,PRT-000799,8
FG-00132,PRT-000061,2
FG-00132,PRT-000098,5
FG-00132,PRT-001183,2
FG-00132,PRT-000627,12
FG-00132,PRT-000452,1
FG-00132,PRT-000341,3
FG-00132,PRT-000090,2
FG-00132,PRT-001050,2
FG-00132,PRT-001007,1
FG-00132,PRT-000741,2
FG-00132,PRT-000346,1
FG-00132,PRT-001051,4
FG-00132,PRT-001030,6
FG-00132,PRT-000706,6
FG-00132,PRT-000052,12
FG-00132,PRT-000466,2
FG-00132,PRT-000560,4
FG-00132,PRT-001091,16
FG-00132,PRT-000688,3
FG-00132,PRT-001172,3
FG-00133,PRT-000764,16
FG-00133,PRT-000400,4
FG-00133,PRT-000037,6
FG-00133,PRT-000912,1
FG-00133,PRT-000045,2
FG-00133,PRT-000546,5
FG-00133,PRT-001107,1
FG-00133,PRT-000921,6
FG-00133,PRT-000367,12
FG-00133,PRT-001009,6
FG-00133,PRT-000780,5
FG-00133,PRT-000723,1
FG-00133,PRT-000706,1
FG-00133,PRT-000656,12
FG-00133,PRT-000391,2
FG-00133,PRT-000280,10
FG-00133,PRT-000281,4
FG-00133,PRT-001021,12
FG-00133,PRT-000512,1
FG-00134,PRT-000211,1
FG-00134,PRT-000081,6
FG-00134,PRT-000203,2
FG-00134,PRT-000924,1
FG-00134,PRT-001109,2
FG-00134,PRT-000780,1
FG-00134,PRT-000273,2
FG-00134,PRT-000485,2
FG-00134,PRT-000677,1
FG-00134,PRT-001133,4
FG-00134,PRT-000682,1
FG-00134,PRT-000198,10
FG-00134,PRT-000879,10
FG-00134,PRT-000258,3
FG-00134,PRT-000102,5
FG-00134,PRT-001120,1
FG-00134,PRT-001012,2
FG-00134,PRT-000392,10
FG-00134,PRT-000668,3
FG-00134,PRT-000528,5
FG-00134,PRT-000001,8
FG-00134,PRT-000221,5
FG-00134,PRT-000192,2
FG-00134,PRT-000936,2
FG-00135,PRT-000085,1
FG-00135,PRT-001013,1
FG-00135,PRT-000141,3
FG-00135,PRT-001109,4
FG-00135,PRT-001106,2
FG-00135,PRT-001064,8
FG-00135,PRT-000081,10
FG-00135,PRT-000291,1
FG-00135,PRT-000838,2
FG-00135,PRT-001037,8
FG-00135,PRT-001014,3
FG-00136,PRT-000551,3
FG-00136,PRT-000897,6
FG-00136,PRT-000245,4
FG-00136,PRT-000917,8
FG-00136,PRT-000414,3
FG-00136,PRT-000978,2
FG-00136,PRT-000415,2
FG-00136,PRT-000998,4
FG-00136,PRT-000398,3
FG-00137,PRT-001037,4
FG-00137,PRT-000940,2
FG-00137,PRT-000230,1
FG-00137,PRT-000622,1
FG-00137,PRT-000811,1
FG-00137,PRT-000614,3
FG-00137,PRT-000931,3
FG-00137,PRT-001116,1
FG-00137,PRT-001179,1
FG-00137,PRT-000810,1
FG-00137,PRT-000834,3
FG-00137,PRT-000871,6
FG-00137,PRT-000405,10
FG-00137,PRT-000997,3
FG-00137,PRT-000879,5
FG-00137,PRT-000421,1
FG-00137,PRT-001031,1
FG-00137,PRT-000354,3
FG-00137,PRT-000626,2
FG-00138,PRT-000662,2
FG-00138,PRT-000597,6
FG-00138,PRT-001195,4
FG-00138,PRT-000153,10
FG-00138,PRT-000751,1
FG-00138,PRT-000126,8
FG-00138,PRT-000850,4
FG-00138,PRT-000496,1
FG-00138,PRT-001056,1
FG-00138,PRT-000835,8
FG-00138,PRT-000195,2
FG-00138,PRT-001187,1
FG-00138,PRT-001074,1
FG-00138,PRT-000186,2
FG-00139,PRT-001024,1
FG-00139,PRT-000930,4
FG-00139,PRT-000243,3
FG-00139,PRT-000302,4
FG-00139,PRT-001067,4
FG-00139,PRT-000470,3
FG-00139,PRT-000206,1
FG-00139,PRT-000870,4
FG-00139,PRT-000904,2
FG-00139,PRT-000483,3
FG-00139,PRT-000351,1
FG-00139,PRT-000776,16
FG-00139,PRT-000946,1
FG-00139,PRT-000713,20
FG-00139,PRT-000016,6
FG-00139,PRT-000176,2
FG-00140,PRT-000151,1
FG-00140,PRT-000871,12
FG-00140,PRT-000544,16
FG-00140,PRT-000688,3
FG-00140,PRT-000276,4
FG-00140,PRT-000023,1
FG-00140,PRT-001152,8
FG-00140,PRT-000390,2
FG-00140,PRT-000183,6
FG-00140,PRT-000421,2
FG-00140,PRT-000072,6
FG-00141,PRT-000411,8
FG-00141,PRT-000816,4
FG-00141,PRT-000162,3
FG-00141,PRT-000292,2
FG-00141,PRT-001118,3
FG-00141,PRT-000509,5
FG-00141,PRT-001076,2
FG-00141,PRT-000540,12
FG-00141,PRT-000532,3
FG-00141,PRT-000271,2
FG-00141,PRT-000396,10
FG-00141,PRT-000600,1
FG-00141,PRT-000583,10
FG-00141,PRT-000818,3
FG-00141,PRT-000439,1
FG-00141,PRT-000524,5
FG-00141,PRT-000825,1
FG-00141,PRT-001141,3
FG-00141,PRT-001052,3
FG-00141,PRT-000668,16
FG-00141,PRT-001083,5
FG-00141,PRT-001062,2
FG-00141,PRT-000637,4
FG-00141,PRT-000160,4
FG-00142,PRT-000107,1
FG-00142,PRT-000474,5
FG-00142,PRT-000353,2
FG-00142,PRT-000232,1
FG-00142,PRT-000900,2
FG-00142,PRT-001007,8
FG-00142,PRT-000913,2
FG-00142,PRT-000430,10
FG-00142,PRT-000997,20
FG-00142,PRT-000528,12
FG-00142,PRT-000451,3
FG-00142,PRT-000757,3
FG-00142,PRT-000190,4
FG-00142,PRT-000228,1
FG-00142,PRT-000160,6
FG-00143,PRT-000329,10
FG-00143,PRT-000436,1
FG-00143,PRT-001002,1
FG-00143,PRT-000406,2
FG-00143,PRT-000453,1
FG-00143,PRT-000947,3
FG-00143,PRT-001138,2
FG-00143,PRT-000766,4
FG-00143,PRT-000798,1
FG-00143,PRT-000360,8
FG-00143,PRT-000685,2
FG-00143,PRT-000256,1
FG-00143,PRT-000089,4
FG-00143,PRT-000270,1
FG-00143,PRT-000770,1
FG-00143,PRT-000408,6
FG-00143,PRT-001090,1
FG-00143,PRT-001152,12
FG-00143,PRT-000389,1
FG-00143,PRT-000221,4
FG-00144,PRT-001025,8
FG-00144,PRT-000657,16
FG-00144,PRT-001158,1
FG-00144,PRT-000794,3
FG-00144,PRT-000795,3
FG-00144,PRT-000822,8
FG-00144,PRT-001137,3
FG-00144,PRT-000336,1
FG-00144,PRT-000079,1
FG-00144,PRT-000536,3
FG-00144,PRT-000171,1
FG-00144,PRT-000348,3
FG-00144,PRT-000981,4
FG-00144,PRT-001098,3
FG-00144,PRT-001182,3
FG-00144,PRT-000160,1
FG-00144,PRT-000213,5
FG-00145,PRT-000550,6
FG-00145,PRT-000450,8
FG-00145,PRT-000073,12
FG-00145,PRT-000096,16
FG-00145,PRT-000946,2
FG-00145,PRT-000613,1
FG-00145,PRT-000611,3
FG-00145,PRT-000618,2
FG-00145,PRT-001066,2
FG-00145,PRT-001075,3
FG-00145,PRT-000817,10
FG-00145,PRT-000969,3
FG-00145,PRT-000005,2
FG-00145,PRT-000029,1
FG-00145,PRT-000321,8
FG-00145,PRT-000196,4
FG-00145,PRT-000232,1
FG-00145,PRT-000056,8
FG-00145,PRT-001153,1
FG-00145,PRT-000501,1
FG-00146,PRT-001200,12
FG-00146,PRT-000363,3
FG-00146,PRT-000651,1
FG-00146,PRT-000765,4
FG-00146,PRT-000155,3
FG-00146,PRT-000522,5
FG-00146,PRT-000599,20
FG-00146,PRT-000508,2
FG-00146,PRT-000355,1
FG-00146,PRT-000030,1
FG-00146,PRT-000532,2
FG-00146,PRT-000766,1
FG-00146,PRT-000837,3
FG-00146,PRT-000458,4
FG-00146,PRT-000934,3
FG-00147,PRT-000217,10
FG-00147,PRT-000381,5
FG-00147,PRT-000037,3
FG-00147,PRT-000060,2
FG-00147,PRT-000171,1
FG-00147,PRT-000680,1
FG-00147,PRT-001048,10
FG-00147,PRT-000044,2
FG-00147,PRT-000328,1
FG-00147,PRT-000834,12
FG-00147,PRT-000827,1
FG-00147,PRT-000822,6
FG-00147,PRT-001026,2
FG-00147,PRT-001160,2
FG-00147,PRT-000070,2
FG-00147,PRT-000506,1
FG-00147,PRT-000019,1
FG-00147,PRT-000194,2
FG-00147,PRT-000002,3
FG-00148,PRT-000721,10
FG-00148,PRT-000117,10
FG-00148,PRT-000983,1
FG-00148,PRT-000476,10
FG-00148,PRT-000028,1
FG-00148,PRT-000283,1
FG-00148,PRT-000611,6
FG-00148,PRT-001083,10
FG-00148,PRT-001030,1
FG-00148,PRT-000492,6
FG-00148,PRT-000631,1
FG-00148,PRT-001002,12
FG-00148,PRT-000714,3
FG-00148,PRT-000548,3
FG-00149,PRT-000123,6
FG-00149,PRT-000390,1
FG-00149,PRT-000935,6
FG-00149,PRT-000758,2
FG-00149,PRT-000383,4
FG-00149,PRT-001027,6
FG-00149,PRT-000667,1
FG-00149,PRT-000806,5
FG-00149,PRT-000387,5
FG-00149,PRT-000298,3
FG-00149,PRT-000493,1
FG-00149,PRT-000513,3
FG-00149,PRT-000411,4
FG-00149,PRT-000591,2
FG-00150,PRT-000472,4
FG-00150,PRT-001160,8
FG-00150,PRT-000945,4
FG-00150,PRT-000128,3
FG-00150,PRT-000702,3
FG-00150,PRT-001119,6
FG-00150,PRT-000940,1
FG-00150,PRT-000547,2
FG-00150,PRT-000954,1
FG-00150,PRT-001166,4
FG-00150,PRT-000645,2
FG-00150,PRT-001130,10
FG-00150,PRT-000416,2
FG-00150,PRT-000840,12
FG-00150,PRT-000044,2
FG-00150,PRT-001102,12
FG-00150,PRT-000882,10
FG-00150,PRT-001171,2
FG-00151,PRT-000378,3
FG-00151,PRT-000222,2
FG-00151,PRT-000187,3
FG-00151,PRT-000370,1
FG-00151,PRT-000819,4
FG-00151,PRT-000751,2
FG-00151,PRT-000614,4
FG-00151,PRT-000550,4
FG-00151,PRT-000544,20
FG-00151,PRT-000169,5
FG-00151,PRT-000996,1
FG-00151,PRT-000099,1
FG-00151,PRT-000723,3
FG-00151,PRT-000492,3
FG-00151,PRT-000652,3
FG-00151,PRT-001169,5
FG-00152,PRT-000830,6
FG-00152,PRT-001004,12
FG-00152,PRT-000362,3
FG-00152,PRT-001092,1
FG-00152,PRT-001081,1
FG-00152,PRT-000086,1
FG-00152,PRT-001155,4
FG-00152,PRT-001112,2
FG-00152,PRT-000935,1
FG-00152,PRT-000968,1
FG-00152,PRT-001140,1
FG-00152,PRT-000332,3
FG-00152,PRT-000485,4
FG-00152,PRT-000706,16
FG-00152,PRT-000744,6
FG-00152,PRT-000796,1
FG-00152,PRT-000752,1
FG-00152,PRT-000142,16
FG-00153,PRT-001200,6
FG-00153,PRT-000337,10
FG-00153,PRT-000032,8
FG-00153,PRT-000979,5
FG-00153,PRT-000359,1
FG-00153,PRT-000059,1
FG-00153,PRT-001126,1
FG-00153,PRT-000947,2
FG-00153,PRT-001028,2
FG-00153,PRT-000654,20
FG-00153,PRT-000640,8
FG-00153,PRT-000228,1
FG-00153,PRT-000725,3
FG-00153,PRT-000765,6
FG-00153,PRT-000653,2
FG-00153,PRT-001075,3
FG-00153,PRT-000579,10
FG-00153,PRT-001071,12
FG-00153,PRT-000866,1
FG-00153,PRT-000074,8
FG-00153,PRT-000976,2
FG-00153,PRT-000549,1
FG-00153,PRT-001091,2
FG-00153,PRT-000528,10
FG-00153,PRT-000332,1
FG-00153,PRT-000664,1
FG-00154,PRT-000418,5
FG-00154,PRT-001090,12
FG-00154,PRT-000243,1
FG-00154,PRT-000380,2
FG-00154,PRT-001004,1
FG-00154,PRT-001008,1
FG-00154,PRT-001080,4
FG-00154,PRT-000086,16
FG-00154,PRT-000349,4
FG-00154,PRT-000813,16
FG-00154,PRT-000638,8
FG-00154,PRT-000342,4
FG-00154,PRT-001130,2
FG-00154,PRT-001065,1
FG-00154,PRT-000780,16
FG-00154,PRT-000529,12
FG-00154,PRT-000971,10
FG-00154,PRT-000665,2
FG-00155,PRT-000371,10
FG-00155,PRT-000985,10
FG-00155,PRT-000795,1
FG-00155,PRT-000692,5
FG-00155,PRT-000661,2
FG-00155,PRT-000507,6
FG-00155,PRT-000505,2
FG-00155,PRT-000226,1
FG-00155,PRT-000318,16
FG-00155,PRT-001181,8
FG-00155,PRT-000898,4
FG-00155,PRT-000604,3
FG-00155,PRT-000394,3
FG-00155,PRT-000351,4
FG-00156,PRT-000917,4
FG-00156,PRT-000602,1
FG-00156,PRT-000763,6
FG-00156,PRT-000770,20
FG-00156,PRT-000236,8
FG-00156,PRT-000551,1
FG-00156,PRT-001105,4
FG-00156,PRT-001098,2
FG-00156,PRT-000556,2
FG-00156,PRT-000506,1
FG-00156,PRT-000683,1
FG-00156,PRT-001129,16
FG-00156,PRT-000336,2
FG-00156,PRT-000719,1
FG-00156,PRT-000528,3
FG-00156,PRT-000384,2
FG-00157,PRT-000697,2
FG-00157,PRT-000882,5
FG-00157,PRT-000892,2
FG-00157,PRT-000222,16
FG-00157,PRT-000562,16
FG-00157,PRT-000200,3
FG-00157,PRT-001195,20
FG-00157,PRT-000760,1
FG-00157,PRT-000796,3
FG-00158,PRT-000708,4
FG-00158,PRT-000993,1
FG-00158,PRT-000633,4
FG-00158,PRT-001087,4
FG-00158,PRT-000512,3
FG-00158,PRT-001080,8
FG-00158,PRT-001050,1
FG-00158,PRT-000792,1
FG-00158,PRT-000596,12
FG-00158,PRT-000387,8
FG-00158,PRT-000972,1
FG-00158,PRT-000485,5
FG-00158,PRT-000033,4
FG-00158,PRT-001182,1
FG-00158,PRT-000124,2
FG-00158,PRT-000921,4
FG-00158,PRT-000181,4
FG-00159,PRT-000482,6
FG-00159,PRT-000598,1
FG-00159,PRT-000051,1
FG-00159,PRT-000091,3
FG-00159,PRT-000257,1
FG-00159,PRT-000021,8
FG-00159,PRT-000734,2
FG-00159,PRT-000100,20
FG-00159,PRT-000350,2
FG-00159,PRT-000357,3
FG-00159,PRT-000355,1
FG-00159,PRT-000006,1
FG-00159,PRT-000124,1
FG-00160,PRT-000176,20
FG-00160,PRT-000026,1
FG-00160,PRT-000559,5
FG-00160,PRT-001123,1
FG-00160,PRT-001116,2
FG-00160,PRT-001182,4
FG-00160,PRT-000773,5
FG-00160,PRT-000032,4
FG-00160,PRT-000459,2
FG-00160,PRT-000053,1
FG-00160,PRT-000962,2
FG-00161,PRT-000061,6
FG-00161,PRT-001134,10
FG-00161,PRT-000593,6
FG-00161,PRT-000486,1
FG-00161,PRT-000972,3
FG-00161,PRT-000253,5
FG-00161,PRT-000397,3
FG-00161,PRT-001050,3
FG-00161,PRT-000924,2
FG-00161,PRT-000416,1
FG-00161,PRT-000566,10
FG-00161,PRT-000640,2
FG-00161,PRT-000127,1
FG-00161,PRT-000188,2
FG-00161,PRT-001073,20
FG-00161,PRT-000382,1
FG-00161,PRT-000405,20
FG-00161,PRT-000543,1
FG-00161,PRT-000574,1
FG-00161,PRT-000352,20
FG-00161,PRT-000473,1
FG-00162,PRT-000830,4
FG-00162,PRT-000303,1
FG-00162,PRT-000320,3
FG-00162,PRT-001196,5
FG-00162,PRT-000158,20
FG-00162,PRT-000538,2
FG-00162,PRT-001144,2
FG-00162,PRT-000049,2
FG-00162,PRT-000281,3
FG-00162,PRT-000322,2
FG-00162,PRT-000956,2
FG-00162,PRT-000249,4
FG-00162,PRT-001172,5
FG-00162,PRT-000601,5
FG-00162,PRT-000926,4
FG-00162,PRT-000446,1
FG-00163,PRT-000818,8
FG-00163,PRT-000304,2
FG-00163,PRT-000812,20
FG-00163,PRT-000271,10
FG-00163,PRT-000738,2
FG-00163,PRT-000343,8
FG-00163,PRT-001148,1
FG-00163,PRT-000281,1
FG-00163,PRT-000804,3
FG-00163,PRT-001177,8
FG-00163,PRT-000335,5
FG-00163,PRT-001017,2
FG-00164,PRT-001134,1
FG-00164,PRT-001188,10
FG-00164,PRT-001088,6
FG-00164,PRT-000876,1
FG-00164,PRT-000888,10
FG-00164,PRT-000921,4
FG-00164,PRT-000605,4
FG-00164,PRT-000182,6
FG-00164,PRT-000993,12
FG-00164,PRT-000565,2
FG-00164,PRT-000077,1
FG-00164,PRT-000594,4
FG-00164,PRT-000868,2
FG-00164,PRT-001102,5
FG-00164,PRT-000191,5
FG-00164,PRT-000738,4
FG-00164,PRT-000528,8
FG-00164,PRT-000766,1
FG-00164,PRT-000919,1
FG-00165,PRT-000945,3
FG-00165,PRT-000218,3
FG-00165,PRT-000580,1
FG-00165,PRT-000707,8
FG-00165,PRT-001168,2
FG-00165,PRT-000427,1
FG-00165,PRT-000075,1
FG-00165,PRT-000630,1
FG-00165,PRT-000878,6
FG-00165,PRT-000337,2
FG-00165,PRT-000219,4
FG-00165,PRT-000317,2
FG-00165,PRT-000642,12
FG-00165,PRT-000288,3
FG-00165,PRT-001178,3
FG-00165,PRT-000490,12
FG-00166,PRT-000287,16
FG-00166,PRT-000916,3
FG-00166,PRT-000636,3
FG-00166,PRT-000151,1
FG-00166,PRT-001086,6
FG-00166,PRT-000838,6
FG-00166,PRT-000174,5
FG-00166,PRT-000601,2
FG-00166,PRT-000672,3
FG-00166,PRT-001159,8
FG-00166,PRT-000224,12
FG-00166,PRT-000951,4
FG-00166,PRT-000966,4
FG-00166,PRT-000183,8
FG-00166,PRT-000963,2
FG-00166,PRT-000815,1
FG-00166,PRT-000571,6
FG-00166,PRT-000884,4
FG-00166,PRT-000882,2
FG-00166,PRT-000561,8
FG-00167,PRT-000411,3
FG-00167,PRT-001131,12
FG-00167,PRT-000374,6
FG-00167,PRT-000777,3
FG-00167,PRT-000892,16
FG-00167,PRT-000775,2
FG-00167,PRT-000622,3
FG-00167,PRT-000849,2
FG-00167,PRT-000398,1
FG-00167,PRT-000838,2
FG-00167,PRT-000505,1
FG-00167,PRT-000095,1
FG-00167,PRT-000907,1
FG-00167,PRT-000938,2
FG-00167,PRT-000361,3
FG-00167,PRT-000565,3
FG-00167,PRT-000072,4
FG-00167,PRT-000348,1
FG-00167,PRT-001160,2
FG-00167,PRT-000196,1
FG-00167,PRT-000470,10
FG-00167,PRT-001070,1
FG-00167,PRT-000049,4
FG-00167,PRT-000454,3
FG-00167,PRT-000787,1
FG-00167,PRT-000293,8
FG-00168,PRT-000778,12
FG-00168,PRT-000907,4
FG-00168,PRT-000023,10
FG-00168,PRT-000404,1
FG-00168,PRT-000316,1
FG-00168,PRT-001007,1
FG-00168,PRT-000862,4
FG-00168,PRT-000630,2
FG-00168,PRT-000874,1
FG-00168,PRT-000683,2
FG-00168,PRT-000314,3
FG-00168,PRT-000720,6
FG-00168,PRT-000495,10
FG-00168,PRT-000440,1
FG-00168,PRT-000394,3
FG-00169,PRT-000058,1
FG-00169,PRT-000550,1
FG-00169,PRT-000035,2
FG-00169,PRT-000499,12
FG-00169,PRT-000406,10
FG-00169,PRT-000398,2
FG-00169,PRT-000360,1
FG-00169,PRT-001024,1
FG-00169,PRT-001072,2
FG-00169,PRT-000992,1
FG-00169,PRT-000227,5
FG-00169,PRT-000694,4
FG-00169,PRT-000879,2
FG-00169,PRT-000594,1
FG-00169,PRT-001071,16
FG-00169,PRT-000899,2
FG-00169,PRT-000906,1
FG-00169,PRT-000968,20
FG-00169,PRT-000678,6
FG-00169,PRT-000281,3
FG-00169,PRT-000720,2
FG-00170,PRT-000205,3
FG-00170,PRT-000325,2
FG-00170,PRT-000943,2
FG-00170,PRT-000841,8
FG-00170,PRT-000334,1
FG-00170,PRT-001055,1
FG-00170,PRT-000863,1
FG-00170,PRT-001082,1
FG-00170,PRT-000963,1
FG-00170,PRT-001172,1
FG-00170,PRT-000909,1
FG-00170,PRT-000721,1
FG-00170,PRT-000014,4
FG-00171,PRT-000205,2
FG-00171,PRT-000657,2
FG-00171,PRT-000553,3
FG-00171,PRT-000151,16
FG-00171,PRT-000569,1
FG-00171,PRT-000825,4
FG-00171,PRT-000954,8
FG-00171,PRT-000892,1
FG-00171,PRT-001103,5
FG-00171,PRT-000167,8
FG-00171,PRT-000586,1
FG-00171,PRT-000597,2
FG-00171,PRT-000062,2
FG-00171,PRT-000529,20
FG-00172,PRT-000588,2
FG-00172,PRT-001188,6
FG-00172,PRT-001048,2
FG-00172,PRT-000452,6
FG-00172,PRT-000359,2
FG-00172,PRT-000894,6
FG-00172,PRT-000729,4
FG-00172,PRT-001085,12
FG-00172,PRT-000895,1
FG-00172,PRT-000754,6
FG-00172,PRT-001017,2
FG-00172,PRT-001189,1
FG-00172,PRT-000945,1
FG-00172,PRT-000390,1
FG-00172,PRT-000306,4
FG-00172,PRT-000508,8
FG-00172,PRT-000318,2
FG-00172,PRT-000796,2
FG-00172,PRT-000295,1
FG-00172,PRT-001057,3
FG-00172,PRT-000707,1
FG-00172,PRT-000610,2
FG-00172,PRT-001091,10
FG-00172,PRT-000454,3
FG-00172,PRT-000799,2
FG-00172,PRT-000639,6
FG-00172,PRT-000446,1
FG-00173,PRT-000605,2
FG-00173,PRT-000966,1
FG-00173,PRT-000886,1
FG-00173,PRT-000782,2
FG-00173,PRT-000185,2
FG-00173,PRT-000268,1
FG-00173,PRT-000054,1
FG-00173,PRT-000008,4
FG-00173,PRT-000493,3
FG-00173,PRT-000320,2
FG-00173,PRT-000925,1
FG-00173,PRT-000509,6
FG-00173,PRT-001160,1
FG-00174,PRT-000788,16
FG-00174,PRT-000473,5
FG-00174,PRT-000743,1
FG-00174,PRT-001031,3
FG-00174,PRT-001081,5
FG-00174,PRT-000942,8
FG-00174,PRT-000450,4
FG-00174,PRT-001032,6
FG-00174,PRT-001085,6
FG-00174,PRT-000662,4
FG-00174,PRT-001075,1
FG-00174,PRT-000126,5
FG-00174,PRT-000259,3
FG-00174,PRT-000281,6
FG-00174,PRT-000766,1
FG-00174,PRT-000865,3
FG-00174,PRT-000910,2
FG-00175,PRT-000588,4
FG-00175,PRT-001044,4
FG-00175,PRT-001147,1
FG-00175,PRT-000914,4
FG-00175,PRT-000359,1
FG-00175,PRT-000087,4
FG-00175,PRT-000205,4
FG-00175,PRT-001148,2
FG-00175,PRT-000092,1
FG-00175,PRT-000242,3
FG-00175,PRT-001125,1
FG-00175,PRT-000086,2
FG-00175,PRT-000478,5
FG-00175,PRT-000806,1
FG-00175,PRT-000306,12
FG-00175,PRT-000075,10
FG-00175,PRT-000577,2
FG-00175,PRT-000074,8
FG-00175,PRT-000865,8
FG-00175,PRT-000995,5
FG-00175,PRT-000425,2
FG-00175,PRT-000358,2
FG-00175,PRT-000610,1
FG-00175,PRT-000290,6
FG-00175,PRT-000755,4
FG-00176,PRT-001089,2
FG-00176,PRT-000233,1
FG-00176,PRT-000808,1
FG-00176,PRT-001022,2
FG-00176,PRT-000457,1
FG-00176,PRT-001138,1
FG-00176,PRT-000745,5
FG-00176,PRT-000366,1
FG-00176,PRT-000439,6
FG-00176,PRT-000198,2
FG-00176,PRT-000431,3
FG-00176,PRT-000862,8
FG-00176,PRT-000256,1
FG-00176,PRT-000584,1
FG-00176,PRT-000428,2
FG-00176,PRT-000282,16
FG-00176,PRT-000899,2
FG-00176,PRT-000673,2
FG-00176,PRT-001031,4
FG-00176,PRT-000064,1
FG-00176,PRT-000013,4
FG-00177,PRT-000212,10
FG-00177,PRT-000814,1
FG-00177,PRT-000202,20
FG-00177,PRT-000328,20
FG-00177,PRT-000236,3
FG-00177,PRT-000300,2
FG-00177,PRT-001081,1
FG-00177,PRT-000472,2
FG-00177,PRT-000851,5
FG-00177,PRT-000368,1
FG-00177,PRT-000563,5
FG-00177,PRT-000779,2
FG-00177,PRT-000785,3
FG-00178,PRT-000187,1
FG-00178,PRT-000848,6
FG-00178,PRT-001052,1
FG-00178,PRT-000940,6
FG-00178,PRT-000146,2
FG-00178,PRT-000600,1
FG-00178,PRT-000617,4
FG-00178,PRT-000375,6
FG-00178,PRT-001148,1
FG-00178,PRT-000623,2
FG-00178,PRT-000519,1
FG-00178,PRT-000038,16
FG-00178,PRT-000796,2
FG-00179,PRT-000850,12
FG-00179,PRT-001022,1
FG-00179,PRT-000651,2
FG-00179,PRT-000598,3
FG-00179,PRT-000992,1
FG-00179,PRT-000090,2
FG-00179,PRT-000591,2
FG-00179,PRT-000256,1
FG-00179,PRT-001122,6
FG-00179,PRT-000578,2
FG-00179,PRT-000981,3
FG-00179,PRT-000730,6
FG-00179,PRT-001100,12
FG-00179,PRT-001078,1
FG-00180,PRT-000599,4
FG-00180,PRT-000617,1
FG-00180,PRT-000140,1
FG-00180,PRT-000873,8
FG-00180,PRT-001126,4
FG-00180,PRT-000367,4
FG-00180,PRT-001050,16
FG-00180,PRT-000924,1
FG-00180,PRT-000895,3
FG-00180,PRT-000105,1
FG-00180,PRT-000416,10
FG-00180,PRT-000129,8
FG-00180,PRT-000650,2
FG-00180,PRT-000903,4
FG-00180,PRT-000723,5
FG-00180,PRT-000094,4
FG-00180,PRT-001090,5
FG-00180,PRT-000232,1
FG-00180,PRT-001038,5
FG-00180,PRT-000194,5
